run_id,algorithm_name,input_size,execution_time_ns,memory_kb,trial_number,date_run
3,Linear Search,100,32300,0.0,1,2026-08-19T09:16:47.095651700
4,Binary Search,100,145800,0.0,1,2026-08-19T09:16:47.095651700
5,Linear Search,100,4600,0.0,2,2026-08-19T09:16:47.095651700
6,Binary Search,100,1700,0.0,2,2026-08-19T09:16:47.095651700
7,Linear Search,100,3600,0.0,3,2026-08-19T09:16:47.095651700
8,Binary Search,100,1400,0.0,3,2026-08-19T09:16:47.095651700
9,Linear Search,500,21500,0.0,1,2026-08-19T09:16:47.095651700
10,Binary Search,500,2000,0.0,1,2026-08-19T09:16:47.095651700
11,Linear Search,500,15900,0.0,2,2026-08-19T09:16:47.095651700
12,Binary Search,500,1700,0.0,2,2026-08-19T09:16:47.095651700
13,Linear Search,500,14200,0.0,3,2026-08-19T09:16:47.095651700
14,Binary Search,500,1600,0.0,3,2026-08-19T09:16:47.095651700
15,Linear Search,1000,28900,0.0,1,2026-08-19T09:16:47.095651700
16,Binary Search,1000,2000,0.0,1,2026-08-19T09:16:47.095651700
17,Linear Search,1000,28900,0.0,2,2026-08-19T09:16:47.095651700
18,Binary Search,1000,1800,0.0,2,2026-08-19T09:16:47.095651700
19,Linear Search,1000,29100,0.0,3,2026-08-19T09:16:47.095651700
20,Binary Search,1000,1700,0.0,3,2026-08-19T09:16:47.095651700
21,Linear Search,5000,147400,0.0,1,2026-08-19T09:16:47.095651700
22,Binary Search,5000,2700,0.0,1,2026-08-19T09:16:47.095651700
23,Linear Search,5000,142500,0.0,2,2026-08-19T09:16:47.095651700
24,Binary Search,5000,3400,0.0,2,2026-08-19T09:16:47.095651700
25,Linear Search,5000,142600,0.0,3,2026-08-19T09:16:47.095651700
26,Binary Search,5000,2200,0.0,3,2026-08-19T09:16:47.095651700
27,Linear Search,10000,283900,0.0,1,2026-08-19T09:16:47.095651700
28,Binary Search,10000,3500,0.0,1,2026-08-19T09:16:47.095651700
29,Linear Search,10000,264700,0.0,2,2026-08-19T09:16:47.095651700
30,Binary Search,10000,2500,0.0,2,2026-08-19T09:16:47.095651700
31,Linear Search,10000,263600,0.0,3,2026-08-19T09:16:47.095651700
32,Binary Search,10000,2500,0.0,3,2026-08-19T09:16:47.095651700
33,Selection Sort,100,711100,0.0,1,2026-08-19T09:16:47.095651700
34,Insertion Sort,100,160100,0.0,1,2026-08-19T09:16:47.095651700
35,Merge Sort,100,70000,0.0,1,2026-08-19T09:16:47.095651700
36,Quick Sort,100,81600,0.0,1,2026-08-19T09:16:47.095651700
37,Selection Sort,100,217000,0.0,2,2026-08-19T09:16:47.095651700
38,Insertion Sort,100,123200,0.0,2,2026-08-19T09:16:47.095651700
39,Merge Sort,100,59600,0.0,2,2026-08-19T09:16:47.095651700
40,Quick Sort,100,47700,0.0,2,2026-08-19T09:16:47.095651700
41,Selection Sort,100,197400,0.0,3,2026-08-19T09:16:47.095651700
42,Insertion Sort,100,119200,0.0,3,2026-08-19T09:16:47.095651700
43,Merge Sort,100,59300,0.0,3,2026-08-19T09:16:47.095651700
44,Quick Sort,100,47700,0.0,3,2026-08-19T09:16:47.095651700
45,Selection Sort,500,2377600,0.0,1,2026-08-19T09:16:47.095651700
46,Insertion Sort,500,2369700,0.0,1,2026-08-19T09:16:47.095651700
47,Merge Sort,500,95600,0.0,1,2026-08-19T09:16:47.095651700
48,Quick Sort,500,259200,0.0,1,2026-08-19T09:16:47.095651700
49,Selection Sort,500,910600,0.0,2,2026-08-19T09:16:47.095651700
50,Insertion Sort,500,755100,0.0,2,2026-08-19T09:16:47.095651700
51,Merge Sort,500,94700,0.0,2,2026-08-19T09:16:47.095651700
52,Quick Sort,500,77500,0.0,2,2026-08-19T09:16:47.095651700
53,Selection Sort,500,873800,0.0,3,2026-08-19T09:16:47.095651700
54,Insertion Sort,500,710100,0.0,3,2026-08-19T09:16:47.095651700
55,Merge Sort,500,88600,0.0,3,2026-08-19T09:16:47.095651700
56,Quick Sort,500,82300,0.0,3,2026-08-19T09:16:47.095651700
57,Selection Sort,1000,16929500,0.0,1,2026-08-19T09:16:47.095651700
58,Insertion Sort,1000,10851000,0.0,1,2026-08-19T09:16:47.095651700
59,Merge Sort,1000,607000,0.0,1,2026-08-19T09:16:47.095651700
60,Quick Sort,1000,1118800,0.0,1,2026-08-19T09:16:47.095651700
61,Selection Sort,1000,17002100,0.0,2,2026-08-19T09:16:47.095651700
62,Insertion Sort,1000,7959000,0.0,2,2026-08-19T09:16:47.095651700
63,Merge Sort,1000,677000,0.0,2,2026-08-19T09:16:47.095651700
64,Quick Sort,1000,668600,0.0,2,2026-08-19T09:16:47.095651700
65,Selection Sort,1000,792900,0.0,3,2026-08-19T09:16:47.095651700
66,Insertion Sort,1000,1101800,0.0,3,2026-08-19T09:16:47.095651700
67,Merge Sort,1000,542200,0.0,3,2026-08-19T09:16:47.095651700
68,Quick Sort,1000,169300,0.0,3,2026-08-19T09:16:47.095651700
69,Selection Sort,5000,19162200,0.0,1,2026-08-19T09:16:47.095651700
70,Insertion Sort,5000,26682300,0.0,1,2026-08-19T09:16:47.095651700
71,Merge Sort,5000,3483600,0.0,1,2026-08-19T09:16:47.095651700
72,Quick Sort,5000,702600,0.0,1,2026-08-19T09:16:47.095651700
73,Selection Sort,5000,19511200,0.0,2,2026-08-19T09:16:47.095651700
74,Insertion Sort,5000,15793500,0.0,2,2026-08-19T09:16:47.095651700
75,Merge Sort,5000,1488700,0.0,2,2026-08-19T09:16:47.095651700
76,Quick Sort,5000,572700,0.0,2,2026-08-19T09:16:47.095651700
77,Selection Sort,5000,18650900,0.0,3,2026-08-19T09:16:47.095651700
78,Insertion Sort,5000,14573100,1022.984375,3,2026-08-19T09:16:47.095651700
79,Merge Sort,5000,493600,0.0,3,2026-08-19T09:16:47.095651700
80,Quick Sort,5000,507800,0.0,3,2026-08-19T09:16:47.095651700
81,Selection Sort,10000,67566100,0.0,1,2026-08-19T09:16:47.095651700
82,Insertion Sort,10000,59556800,0.0,1,2026-08-19T09:16:47.095651700
83,Merge Sort,10000,783400,0.0,1,2026-08-19T09:16:47.095651700
84,Quick Sort,10000,1999200,0.0,1,2026-08-19T09:16:47.095651700
85,Selection Sort,10000,67177900,0.0,2,2026-08-19T09:16:47.095651700
86,Insertion Sort,10000,59615600,0.0,2,2026-08-19T09:16:47.095651700
87,Merge Sort,10000,757500,0.0,2,2026-08-19T09:16:47.095651700
88,Quick Sort,10000,2128100,0.0,2,2026-08-19T09:16:47.095651700
89,Selection Sort,10000,74192800,0.0,3,2026-08-19T09:16:47.095651700
90,Insertion Sort,10000,59089000,0.0,3,2026-08-19T09:16:47.095651700
91,Merge Sort,10000,751800,0.0,3,2026-08-19T09:16:47.095651700
92,Quick Sort,10000,2013700,0.0,3,2026-08-19T09:16:47.095651700
93,Hash Table Insert,100,4322700,0.0,1,2026-08-19T09:16:47.095651700
94,Hash Table Lookup,100,69800,0.0,1,2026-08-19T09:16:47.095651700
95,Hash Table Insert,100,47000,0.0,2,2026-08-19T09:16:47.095651700
96,Hash Table Lookup,100,60600,0.0,2,2026-08-19T09:16:47.095651700
97,Hash Table Insert,100,36300,0.0,3,2026-08-19T09:16:47.095651700
98,Hash Table Lookup,100,58900,0.0,3,2026-08-19T09:16:47.095651700
99,Hash Table Insert,500,196200,0.0,1,2026-08-19T09:16:47.095651700
100,Hash Table Lookup,500,281900,1024.015625,1,2026-08-19T09:16:47.095651700
101,Hash Table Insert,500,132400,0.0,2,2026-08-19T09:16:47.095651700
102,Hash Table Lookup,500,185700,0.0,2,2026-08-19T09:16:47.095651700
103,Hash Table Insert,500,99400,0.0,3,2026-08-19T09:16:47.095651700
104,Hash Table Lookup,500,148400,0.0,3,2026-08-19T09:16:47.095651700
105,Hash Table Insert,1000,188000,0.0,1,2026-08-19T09:16:47.095651700
106,Hash Table Lookup,1000,253800,0.0,1,2026-08-19T09:16:47.095651700
107,Hash Table Insert,1000,193200,0.0,2,2026-08-19T09:16:47.095651700
108,Hash Table Lookup,1000,247300,0.0,2,2026-08-19T09:16:47.095651700
109,Hash Table Insert,1000,189300,0.0,3,2026-08-19T09:16:47.095651700
110,Hash Table Lookup,1000,248400,0.0,3,2026-08-19T09:16:47.095651700
111,Hash Table Insert,5000,768800,1023.984375,1,2026-08-19T09:16:47.095651700
112,Hash Table Lookup,5000,1282600,1024.015625,1,2026-08-19T09:16:47.095651700
113,Hash Table Insert,5000,878600,0.0,2,2026-08-19T09:16:47.095651700
114,Hash Table Lookup,5000,1063000,1023.984375,2,2026-08-19T09:16:47.095651700
115,Hash Table Insert,5000,735600,0.0,3,2026-08-19T09:16:47.095651700
116,Hash Table Lookup,5000,973100,1024.0234375,3,2026-08-19T09:16:47.095651700
117,Hash Table Insert,10000,1428300,1023.9765625,1,2026-08-19T09:16:47.095651700
118,Hash Table Lookup,10000,1848400,1024.0234375,1,2026-08-19T09:16:47.095651700
119,Hash Table Insert,10000,1381600,1023.9765625,2,2026-08-19T09:16:47.095651700
120,Hash Table Lookup,10000,1616200,1024.0234375,2,2026-08-19T09:16:47.095651700
121,Hash Table Insert,10000,1153900,1023.9765625,3,2026-08-19T09:16:47.095651700
122,Hash Table Lookup,10000,1619000,1024.0234375,3,2026-08-19T09:16:47.095651700
123,Hash Table Insert,20000,1963300,2048.0,1,2026-08-19T09:16:47.095651700
124,Hash Table Lookup,20000,3316400,2048.0,1,2026-08-19T09:16:47.095651700
125,Hash Table Insert,20000,1399300,2189.9921875,2,2026-08-19T09:16:47.095651700
126,Hash Table Lookup,20000,1839000,1906.0078125,2,2026-08-19T09:16:47.095651700
127,Hash Table Insert,20000,1214100,2048.0,3,2026-08-19T09:16:47.095651700
128,Hash Table Lookup,20000,1638700,3071.9765625,3,2026-08-19T09:16:47.095651700
129,Min Heap Insert,100,2621300,0.0,1,2026-08-19T09:16:47.095651700
130,Min Heap Extract,100,215700,0.0,1,2026-08-19T09:16:47.095651700
131,Min Heap Insert,100,64500,0.0,2,2026-08-19T09:16:47.095651700
132,Min Heap Extract,100,176800,0.0,2,2026-08-19T09:16:47.095651700
133,Min Heap Insert,100,72000,0.0,3,2026-08-19T09:16:47.095651700
134,Min Heap Extract,100,162000,0.0,3,2026-08-19T09:16:47.095651700
135,Min Heap Insert,500,135800,0.0,1,2026-08-19T09:16:47.095651700
136,Min Heap Extract,500,747400,0.0,1,2026-08-19T09:16:47.095651700
137,Min Heap Insert,500,121600,0.0,2,2026-08-19T09:16:47.095651700
138,Min Heap Extract,500,267500,0.0,2,2026-08-19T09:16:47.095651700
139,Min Heap Insert,500,121300,0.0,3,2026-08-19T09:16:47.095651700
140,Min Heap Extract,500,273000,0.0,3,2026-08-19T09:16:47.095651700
141,Min Heap Insert,1000,261200,0.0,1,2026-08-19T09:16:47.095651700
142,Min Heap Extract,1000,585900,0.0,1,2026-08-19T09:16:47.095651700
143,Min Heap Insert,1000,391100,0.0,2,2026-08-19T09:16:47.095651700
144,Min Heap Extract,1000,538300,0.0,2,2026-08-19T09:16:47.095651700
145,Min Heap Insert,1000,216700,0.0,3,2026-08-19T09:16:47.095651700
146,Min Heap Extract,1000,509600,0.0,3,2026-08-19T09:16:47.095651700
147,Min Heap Insert,5000,1595600,0.0,1,2026-08-19T09:16:47.095651700
148,Min Heap Extract,5000,3152700,0.0,1,2026-08-19T09:16:47.095651700
149,Min Heap Insert,5000,519900,0.0,2,2026-08-19T09:16:47.095651700
150,Min Heap Extract,5000,2325400,0.0,2,2026-08-19T09:16:47.095651700
151,Min Heap Insert,5000,518400,1040.015625,3,2026-08-19T09:16:47.095651700
152,Min Heap Extract,5000,1151900,0.0,3,2026-08-19T09:16:47.095651700
153,Min Heap Insert,10000,1027700,0.0,1,2026-08-19T09:16:47.095651700
154,Min Heap Extract,10000,2343400,0.0,1,2026-08-19T09:16:47.095651700
155,Min Heap Insert,10000,1009500,64.015625,2,2026-08-19T09:16:47.095651700
156,Min Heap Extract,10000,2427900,943.96875,2,2026-08-19T09:16:47.095651700
157,Min Heap Insert,10000,1044200,0.0,3,2026-08-19T09:16:47.095651700
158,Min Heap Extract,10000,2131600,0.0,3,2026-08-19T09:16:47.095651700
159,Min Heap Insert,20000,2023700,1056.015625,1,2026-08-19T09:16:47.095651700
160,Min Heap Extract,20000,4506900,0.0,1,2026-08-19T09:16:47.095651700
161,Min Heap Insert,20000,1454600,991.984375,2,2026-08-19T09:16:47.095651700
162,Min Heap Extract,20000,3766200,128.015625,2,2026-08-19T09:16:47.095651700
163,Min Heap Insert,20000,1536700,1024.0,3,2026-08-19T09:16:47.095651700
164,Min Heap Extract,20000,3882900,128.015625,3,2026-08-19T09:16:47.095651700
165,BST Insert,100,3731300,0.0,1,2026-08-19T09:16:47.095651700
166,Red Black Tree Insert,100,2199300,767.96875,1,2026-08-19T09:16:47.095651700
167,BST Search,100,496100,0.0,1,2026-08-19T09:16:47.095651700
168,Red Black Tree Search,100,115500,0.0,1,2026-08-19T09:16:47.095651700
169,BST Insert,100,167100,0.0,2,2026-08-19T09:16:47.095651700
170,Red Black Tree Insert,100,54600,0.0,2,2026-08-19T09:16:47.095651700
171,BST Search,100,343100,0.0,2,2026-08-19T09:16:47.095651700
172,Red Black Tree Search,100,108000,0.0,2,2026-08-19T09:16:47.095651700
173,BST Insert,100,143000,0.0,3,2026-08-19T09:16:47.095651700
174,Red Black Tree Insert,100,37800,0.0,3,2026-08-19T09:16:47.095651700
175,BST Search,100,159100,0.0,3,2026-08-19T09:16:47.095651700
176,Red Black Tree Search,100,71600,0.0,3,2026-08-19T09:16:47.095651700
177,BST Insert,500,2139700,0.0,1,2026-08-19T09:16:47.095651700
178,Red Black Tree Insert,500,206700,0.0,1,2026-08-19T09:16:47.095651700
179,BST Search,500,1968400,0.0,1,2026-08-19T09:16:47.095651700
180,Red Black Tree Search,500,400500,0.0,1,2026-08-19T09:16:47.095651700
181,BST Insert,500,906400,0.0,2,2026-08-19T09:16:47.095651700
182,Red Black Tree Insert,500,151200,0.0,2,2026-08-19T09:16:47.095651700
183,BST Search,500,3395900,0.0,2,2026-08-19T09:16:47.095651700
184,Red Black Tree Search,500,227400,0.0,2,2026-08-19T09:16:47.095651700
185,BST Insert,500,685900,0.0,3,2026-08-19T09:16:47.095651700
186,Red Black Tree Insert,500,148600,0.0,3,2026-08-19T09:16:47.095651700
187,BST Search,500,936800,0.0,3,2026-08-19T09:16:47.095651700
188,Red Black Tree Search,500,207500,0.0,3,2026-08-19T09:16:47.095651700
189,BST Insert,1000,2886400,0.0,1,2026-08-19T09:16:47.095651700
190,Red Black Tree Insert,1000,138600,0.0,1,2026-08-19T09:16:47.095651700
191,BST Search,1000,4259500,0.0,1,2026-08-19T09:16:47.095651700
192,Red Black Tree Search,1000,280500,0.0,1,2026-08-19T09:16:47.095651700
193,BST Insert,1000,3166700,0.0,2,2026-08-19T09:16:47.095651700
194,Red Black Tree Insert,1000,153300,1024.015625,2,2026-08-19T09:16:47.095651700
195,BST Search,1000,4280900,0.0,2,2026-08-19T09:16:47.095651700
196,Red Black Tree Search,1000,224000,0.0,2,2026-08-19T09:16:47.095651700
197,BST Insert,1000,2969300,0.0,3,2026-08-19T09:16:47.095651700
198,Red Black Tree Insert,1000,138600,0.0,3,2026-08-19T09:16:47.095651700
199,BST Search,1000,4266100,0.0,3,2026-08-19T09:16:47.095651700
200,Red Black Tree Search,1000,219700,0.0,3,2026-08-19T09:16:47.095651700
201,BST Insert,5000,90195600,0.0,1,2026-08-19T09:16:47.095651700
202,Red Black Tree Insert,5000,823000,1023.984375,1,2026-08-19T09:16:47.095651700
203,BST Search,5000,133672200,0.0,1,2026-08-19T09:16:47.095651700
204,Red Black Tree Search,5000,1369500,0.0,1,2026-08-19T09:16:47.095651700
205,BST Insert,5000,85141800,1024.015625,2,2026-08-19T09:16:47.095651700
206,Red Black Tree Insert,5000,779500,0.0,2,2026-08-19T09:16:47.095651700
207,BST Search,5000,128897300,0.0,2,2026-08-19T09:16:47.095651700
208,Red Black Tree Search,5000,1288100,1023.984375,2,2026-08-19T09:16:47.095651700
209,BST Insert,5000,85673800,0.0,3,2026-08-19T09:16:47.095651700
210,Red Black Tree Insert,5000,778800,0.0,3,2026-08-19T09:16:47.095651700
211,BST Search,5000,122232300,1024.015625,3,2026-08-19T09:16:47.095651700
212,Red Black Tree Search,5000,2210100,0.0,3,2026-08-19T09:16:47.095651700
213,BST Insert,10000,365442200,1023.984375,1,2026-08-19T09:16:47.095651700
214,Red Black Tree Insert,10000,1794700,0.0,1,2026-08-19T09:16:47.095651700
215,BST Search,10000,525969400,1024.03125,1,2026-08-19T09:16:47.095651700
216,Red Black Tree Search,10000,2724200,1023.96875,1,2026-08-19T09:16:47.095651700
217,BST Insert,10000,357257800,0.0,2,2026-08-19T09:16:47.095651700
218,Red Black Tree Insert,10000,1827800,1024.03125,2,2026-08-19T09:16:47.095651700
219,BST Search,10000,529898000,1023.96875,2,2026-08-19T09:16:47.095651700
220,Red Black Tree Search,10000,2901400,0.0,2,2026-08-19T09:16:47.095651700
221,BST Insert,10000,365697700,1024.015625,3,2026-08-19T09:16:47.095651700
222,Red Black Tree Insert,10000,1857900,1023.984375,3,2026-08-19T09:16:47.095651700
223,BST Search,10000,530650900,0.0,3,2026-08-19T09:16:47.095651700
224,Red Black Tree Search,10000,2692900,1024.015625,3,2026-08-19T09:16:47.095651700
225,BFS,50,2315900,0.0,1,2026-08-19T09:16:47.095651700
226,DFS,50,444000,0.0,1,2026-08-19T09:16:47.095651700
227,Dijkstra,50,2480200,0.0,1,2026-08-19T09:16:47.095651700
228,Prim MST,50,5761900,1023.984375,1,2026-08-19T09:16:47.095651700
229,Kruskal MST,50,4346100,0.0,1,2026-08-19T09:16:47.095651700
230,BFS,50,104200,0.0,2,2026-08-19T09:16:47.095651700
231,DFS,50,119000,0.0,2,2026-08-19T09:16:47.095651700
232,Dijkstra,50,338400,0.0,2,2026-08-19T09:16:47.095651700
233,Prim MST,50,442000,0.0,2,2026-08-19T09:16:47.095651700
234,Kruskal MST,50,768300,0.0,2,2026-08-19T09:16:47.095651700
235,BFS,50,57700,0.0,3,2026-08-19T09:16:47.095651700
236,DFS,50,66600,0.0,3,2026-08-19T09:16:47.095651700
237,Dijkstra,50,187700,0.0,3,2026-08-19T09:16:47.095651700
238,Prim MST,50,267300,0.0,3,2026-08-19T09:16:47.095651700
239,Kruskal MST,50,726300,0.0,3,2026-08-19T09:16:47.095651700
240,BFS,100,147100,0.0,1,2026-08-19T09:16:47.095651700
241,DFS,100,177600,0.0,1,2026-08-19T09:16:47.095651700
242,Dijkstra,100,461400,0.0,1,2026-08-19T09:16:47.095651700
243,Prim MST,100,508200,0.0,1,2026-08-19T09:16:47.095651700
244,Kruskal MST,100,2607800,0.0390625,1,2026-08-19T09:16:47.095651700
245,BFS,100,188000,0.0,2,2026-08-19T09:16:47.095651700
246,DFS,100,215300,0.0,2,2026-08-19T09:16:47.095651700
247,Dijkstra,100,300600,0.0,2,2026-08-19T09:16:47.095651700
248,Prim MST,100,462400,0.0,2,2026-08-19T09:16:47.095651700
249,Kruskal MST,100,2433000,0.0,2,2026-08-19T09:16:47.095651700
250,BFS,100,164400,0.0,3,2026-08-19T09:16:47.095651700
251,DFS,100,431400,0.0,3,2026-08-19T09:16:47.095651700
252,Dijkstra,100,388500,0.0,3,2026-08-19T09:16:47.095651700
253,Prim MST,100,713700,0.0,3,2026-08-19T09:16:47.095651700
254,Kruskal MST,100,2518600,0.0,3,2026-08-19T09:16:47.095651700
255,BFS,200,430800,0.0,1,2026-08-19T09:16:47.095651700
256,DFS,200,414600,0.0,1,2026-08-19T09:16:47.095651700
257,Dijkstra,200,690700,0.0,1,2026-08-19T09:16:47.095651700
258,Prim MST,200,864700,1180.265625,1,2026-08-19T09:16:47.095651700
259,Kruskal MST,200,2627000,0.0,1,2026-08-19T09:16:47.095651700
260,BFS,200,498400,0.0,2,2026-08-19T09:16:47.095651700
261,DFS,200,394900,0.0,2,2026-08-19T09:16:47.095651700
262,Dijkstra,200,677900,0.0,2,2026-08-19T09:16:47.095651700
263,Prim MST,200,711100,0.0,2,2026-08-19T09:16:47.095651700
264,Kruskal MST,200,1165700,0.0,2,2026-08-19T09:16:47.095651700
265,BFS,200,429700,0.0,3,2026-08-19T09:16:47.095651700
266,DFS,200,378000,0.0,3,2026-08-19T09:16:47.095651700
267,Dijkstra,200,708000,0.0,3,2026-08-19T09:16:47.095651700
268,Prim MST,200,898100,0.0,3,2026-08-19T09:16:47.095651700
269,Kruskal MST,200,1214000,0.0,3,2026-08-19T09:16:47.095651700
270,BFS,500,2087900,0.0,1,2026-08-19T09:16:47.095651700
271,DFS,500,1705700,0.0,1,2026-08-19T09:16:47.095651700
272,Dijkstra,500,2991600,0.0,1,2026-08-19T09:16:47.095651700
273,Prim MST,500,1686500,976.578125,1,2026-08-19T09:16:47.095651700
274,Kruskal MST,500,3979200,0.0,1,2026-08-19T09:16:47.095651700
275,BFS,500,672100,0.0,2,2026-08-19T09:16:47.095651700
276,DFS,500,879000,1024.0,2,2026-08-19T09:16:47.095651700
277,Dijkstra,500,5028300,0.0,2,2026-08-19T09:16:47.095651700
278,Prim MST,500,2160400,976.578125,2,2026-08-19T09:16:47.095651700
279,Kruskal MST,500,1938600,0.0,2,2026-08-19T09:16:47.095651700
280,BFS,500,577400,0.0,3,2026-08-19T09:16:47.095651700
281,DFS,500,551900,0.0,3,2026-08-19T09:16:47.095651700
282,Dijkstra,500,879600,0.0,3,2026-08-19T09:16:47.095651700
283,Prim MST,500,1947600,976.578125,3,2026-08-19T09:16:47.095651700
284,Kruskal MST,500,1384200,142.265625,3,2026-08-19T09:16:47.095651700
