location_id,name,area,type,latitude,longitude
1,12 units block,Madina,Landmark,5.6648245,-0.1744431
2,14 CITY,Madina,Landmark,5.6654821,-0.1725083
3,18,University of Ghana,Transport Stop,5.6409982,-0.1953423
4,1st African Page,Legon Area,Landmark,5.6445831,-0.2102003
5,1st curve,Legon Area,Transport Stop,5.6426671,-0.2099649
6,2 Guys Supermarket,Legon Area,Market,5.6280145,-0.1717444
7,2B Centre of Knowledge,Haatso,Landmark,5.6738900,-0.1907550
8,2MG MUSIC,East Legon,Landmark,5.6453569,-0.1516516
9,2nd curve,Legon Area,Transport Stop,5.6419199,-0.2109272
10,335 Place,Legon Area,Landmark,5.6208601,-0.1849839
11,4-4-2 Local Food Kitchen,Legon Area,Restaurant Area,5.6243275,-0.1884741
12,5th Spice Home Fragrance,East Legon,Landmark,5.6458630,-0.1465053
13,A & C Mall,East Legon,Transport Stop,5.6416866,-0.1523901
14,A&C Corner,Legon Area,Landmark,5.6322248,-0.1531961
15,A&C Mall,East Legon,Transport Stop,5.6420800,-0.1516424
16,A-M Surveys Ltd,Haatso,Landmark,5.6686244,-0.1985830
17,Aben Dada,Legon Area,Restaurant,5.6733022,-0.1892859
18,Abrefis Kitchen,Legon Area,Restaurant Area,5.6706862,-0.1890753
19,Absa,Legon Area,Service,5.6218713,-0.1829216
20,Absa ATM,Legon Area,Service,5.6222561,-0.1732067
21,Acacia Medical Centre,Legon Area,Landmark,5.6336142,-0.1575854
22,Academic Registry Public Relation Department,University of Ghana,Landmark,5.6359172,-0.1998877
23,Accential,University of Ghana,Landmark,5.6415574,-0.1779811
24,Access Bank,East Legon,Service,5.6600709,-0.1652768
25,Accountancy House,East Legon,Landmark,5.6431314,-0.1705259
26,Accra CoE Admin Building,East Legon,Landmark,5.6586632,-0.1620416
27,Accra College of Education,East Legon,Academic,5.6567663,-0.1605975
28,Accra End of the Motorway,Legon Area,Transport Stop,5.6273242,-0.1760116
29,Accra Mall,Legon Area,Transport Stop,5.6227677,-0.1740477
30,Accra Mall Bus Terminal,Legon Area,Transport Stop,5.6201308,-0.1730869
31,Accra Mall Food Court,Legon Area,Restaurant Area,5.6222786,-0.1733901
32,Accra Mall Roundabout,Legon Area,Transport Stop,5.6220398,-0.1747326
33,Accra Stem Academy,Legon Area,Academic,5.6292305,-0.1635689
34,Accra Zoo,Legon Area,Landmark,5.6254025,-0.2025748
35,Achimota School,Legon Area,Academic,5.6276899,-0.2123239
36,Action,Legon Area,Transport Stop,5.6244335,-0.1629981
37,Action Chapel,Legon Area,Transport Stop,5.6263623,-0.1657708
38,Action Chapel International,Legon Area,Landmark,5.6255811,-0.1646766
39,Adassa Royal Hotels,East Legon,Landmark,5.6477202,-0.1559286
40,ADB,University of Ghana,Service,5.6288818,-0.1772427
41,Addis Ababa Courts,University of Ghana,Hostel,5.6564107,-0.1822221
42,Adenta new town,East Legon,Landmark,5.6424675,-0.1683005
43,Adjiringanor Curve,East Legon,Transport Stop,5.6456544,-0.1487278
44,Administration and Porters' Lodge,University of Ghana,Landmark,5.6462302,-0.1870558
45,Administration Block,East Legon,Landmark,5.6407970,-0.1613347
46,Adminstration Block,Madina,Landmark,5.6625452,-0.1761554
47,Admiral’s Pizza and Ice Cream,Haatso,Restaurant Area,5.6635702,-0.2048505
48,Aduanipa Check-check East Legon,East Legon,Restaurant Area,5.6456170,-0.1561588
49,Afex Test Prep,East Legon,Academic,5.6499207,-0.1507518
50,African Regent Hotel,Legon Area,Landmark,5.6193762,-0.1767429
51,African Studies Dept,University of Ghana,Landmark,5.6511184,-0.1819005
52,Africana Guest House,Legon Area,Landmark,5.6677633,-0.1809526
53,Africolor,Legon Area,Landmark,5.6298381,-0.1463497
54,Afro Locks Salon,Haatso,Landmark,5.6745921,-0.1911550
55,Afua Manu,East Legon,Landmark,5.6405972,-0.1583112
56,Agape House New Testament Church,East Legon,Landmark,5.6425940,-0.1574688
57,Agape villa,East Legon,Hostel,5.6465924,-0.1683734
58,Agape villa hostel,East Legon,Hostel,5.6491480,-0.1610535
59,Agbo Spot,Madina,Market,5.6699316,-0.1797396
60,Agbogba Junction,Legon Area,Transport Stop,5.6672969,-0.1872900
61,Aggrey Chapel,Legon Area,Landmark,5.6270174,-0.2129017
62,Aggrey House,Legon Area,Residential Area,5.6285397,-0.2138739
63,Agric Science Extension,University of Ghana,Landmark,5.6497021,-0.1842235
64,Agrimat,Madina,Landmark,5.6713772,-0.1759435
65,AH Hotel,East Legon,Landmark,5.6522206,-0.1504949
66,ahuof3 street,Haatso,Landmark,5.6609475,-0.2049305
67,AI CENTRE,Madina,Landmark,5.6650943,-0.1757016
68,Aidec Supplies Ltd,Madina,Market,5.6702471,-0.1513074
69,Airport Junction,Legon Area,Transport Stop,5.6219506,-0.1794792
70,Airport Side Hotel,Legon Area,Landmark,5.6215410,-0.1477144
71,Airways Junction,Legon Area,Transport Stop,5.6381796,-0.2108582
72,Ajepomaa Design Gallery,East Legon,Landmark,5.6352332,-0.1590682
73,Akcess Dental,Legon Area,Landmark,5.6698243,-0.1826317
74,Ako-Adjei House,Madina,Academic,5.6645884,-0.1718670
75,Akonfem,Haatso,Transport Stop,5.6675537,-0.2125463
76,Akpabe Pharmacy Limited,Haatso,Health,5.6703643,-0.2054169
77,Akro House,Madina,Academic,5.6632271,-0.1720744
78,Akro House Common Room,Madina,Academic,5.6632334,-0.1724094
79,Akuafo Hall Annex,University of Ghana,Hostel,5.6474452,-0.1855815
80,Akuafo Hall Annex A,University of Ghana,Hostel,5.6479653,-0.1856917
81,Akuafo Hall Annex B,University of Ghana,Hostel,5.6469517,-0.1856692
82,Akuafo Hall Annex C,University of Ghana,Hostel,5.6474276,-0.1852158
83,Akuafo Hall Annex D,University of Ghana,Landmark,5.6473843,-0.1859247
84,Akuafo Hall Main,University of Ghana,Hostel,5.6493572,-0.1860875
85,Al-Rayan International School,Legon Area,Academic,5.6295516,-0.1600502
86,Albany Specialist Clinic,Legon Area,Health,5.6701424,-0.1838431
87,Alexander Kwapong Hall,University of Ghana,Hostel,5.6368753,-0.1857340
88,Alhaji Mohammed Apartment,Legon Area,Landmark,5.6696972,-0.1833789
89,All Needs Supermarket,University of Ghana,Market,5.6428216,-0.1861225
90,Allied,East Legon,Landmark,5.6558941,-0.1689331
91,Allied fuel station,Legon Area,Transport Stop,5.6592385,-0.2066365
92,Aloette Medical Skin Care Center,East Legon,Landmark,5.6446555,-0.1605068
93,Altectic Oval Basket ball court,University of Ghana,Landmark,5.6479098,-0.1863247
94,Alto Tower,Legon Area,Landmark,5.6204001,-0.1775561
95,Alumni Centre,East Legon,Landmark,5.6605460,-0.1721094
96,Amazing Green Services,University of Ghana,Landmark,5.6319879,-0.1771576
97,American Groceries,East Legon,Market,5.6431545,-0.1589137
98,American House,East Legon,Transport Stop,5.6458175,-0.1480947
99,American House Trotro Station,East Legon,Landmark,5.6486894,-0.1508277
100,American International School,Legon Area,Academic,5.6337341,-0.1496705
101,American Premium,East Legon,Market,5.6454920,-0.1486381
102,Amigo's Mart,Haatso,Market,5.6741403,-0.2036271
103,Amphitheatre Grounds,University of Ghana,Landmark,5.6506396,-0.1937105
104,Ampomah Hotel,East Legon,Landmark,5.6405266,-0.1451311
105,Andos Restaurant,East Legon,Restaurant,5.6464703,-0.1549850
106,Ange Hill Hotel,Legon Area,Landmark,5.6293946,-0.1729637
107,Anglican Church Legon Hall,University of Ghana,Landmark,5.6560176,-0.1904775
108,Anglican Church- Main Church,University of Ghana,Landmark,5.6565127,-0.1903668
109,Annor's All Mart,Legon Area,Landmark,5.6689043,-0.1882569
110,Aqua Tower,Legon Area,Landmark,5.6208230,-0.1781913
111,Archeology Lecturers Offices,University of Ghana,Landmark,5.6528384,-0.1811477
112,Aristocrat Hotel,East Legon,Landmark,5.6371705,-0.1712367
113,ARS,East Legon,Transport Stop,5.6603606,-0.1513827
114,Asa Auditorium,Legon Area,Landmark,5.6289197,-0.1629681
115,Asandel Garden Center,Legon Area,Landmark,5.6225572,-0.1797584
116,Asandel Garden Centre,Legon Area,Landmark,5.6223387,-0.1800440
117,Asanka Locals,Madina,Restaurant,5.6663836,-0.1630139
118,Asantewa Gardens,Legon Area,Landmark,5.6275785,-0.1669449
119,Aseda Hostel Annex A,Madina,Landmark,5.6696083,-0.1790928
120,Aseda Hostel Annex B,Madina,Hostel,5.6704560,-0.1797634
121,Asore Junction,Haatso,Transport Stop,5.6675987,-0.2136620
122,Assembly Hall,Legon Area,Landmark,5.6278995,-0.2135961
123,Association of African Universities,East Legon,Academic,5.6465676,-0.1702130
124,AT Ghana,Legon Area,Landmark,5.6212310,-0.1736408
125,Athletic Oval,University of Ghana,Landmark,5.6481541,-0.1870423
126,Athletic Oval Basketball Court,University of Ghana,Landmark,5.6483812,-0.1863246
127,Atlantic Mall,Madina,Landmark,5.6681768,-0.1780204
128,ATM Hall,East Legon,Landmark,5.6424260,-0.1521077
129,Atomic First,Madina,Transport Stop,5.6662381,-0.1770577
130,Atomic Junction,Madina,Transport Stop,5.6673058,-0.1779022
131,Atomic Road Pharmacy,Haatso,Health,5.6677355,-0.2077111
132,Atomic Second,Madina,Transport Stop,5.6679806,-0.1766341
133,Aunty Nancy's shop,University of Ghana,Landmark,5.6371777,-0.1842421
134,Ayido,University of Ghana,Transport Stop,5.6407052,-0.1937360
135,Ayido Valley Flat Block A,University of Ghana,Landmark,5.6428935,-0.1907901
136,Ayido Valley Flat Block B,University of Ghana,Landmark,5.6425617,-0.1913941
137,Ayido Valley Flat Block C,University of Ghana,Landmark,5.6422228,-0.1919882
138,Ayido Valley Flat Block D,University of Ghana,Landmark,5.6420799,-0.1930397
139,Ayido Valley Flat Block E,University of Ghana,Landmark,5.6427179,-0.1928224
140,Baba's Special Kebab,University of Ghana,Restaurant Area,5.6421100,-0.1857203
141,Bacchus Garden,University of Ghana,Landmark,5.6506136,-0.1906763
142,Balme Library,University of Ghana,Landmark,5.6511292,-0.1870251
143,Balme Library extension,University of Ghana,Landmark,5.6517815,-0.1877525
144,Balme Library Fountain,University of Ghana,Landmark,5.6510528,-0.1870679
145,Banana Home,Legon Area,Landmark,5.6260391,-0.1537506
146,Bani Hostel,Madina,Hostel,5.6632558,-0.1799969
147,Bank of Africa,East Legon,Service,5.6402974,-0.1665245
148,Banking Square Parking,University of Ghana,Transport Stop,5.6432149,-0.1857055
149,Banku Junction,East Legon,Transport Stop,5.6397726,-0.1691106
150,Baobab Galaxy Tray,Legon Area,Restaurant Area,5.6480552,-0.2113337
151,Barcelos,Legon Area,Restaurant,5.6221233,-0.1733974
152,Barclays,Haatso,Transport Stop,5.6656167,-0.2047198
153,Barita's,Madina,Restaurant,5.6680598,-0.1774548
154,Barrier,Haatso,Transport Stop,5.6621855,-0.2052667
155,Basilissa,Legon Area,Restaurant Area,5.6221629,-0.1735650
156,Bawaleshie Acheampong,East Legon,Transport Stop,5.6429575,-0.1599180
157,Bawaleshie First,East Legon,Transport Stop,5.6418176,-0.1673155
158,Bawaleshie Second,East Legon,Transport Stop,5.6420983,-0.1649440
159,Bawaleshie Traffic Light,East Legon,Transport Stop,5.6416293,-0.1691411
160,Bayview Village,Madina,Landmark,5.6666075,-0.1790187
161,BB'z Bar,Legon Area,Landmark,5.6475373,-0.2106562
162,Bbq Rush,Legon Area,Restaurant Area,5.6297970,-0.1464394
163,BE HAPPY LIMO CAR RENTALS,Haatso,Landmark,5.6642967,-0.2047661
164,Beauty o’clock,Legon Area,Landmark,5.6280295,-0.1721549
165,Beauty Therapy Institute,East Legon,Academic,5.6430986,-0.1536083
166,Beckap,Haatso,Landmark,5.6671743,-0.2048790
167,Bedita,Legon Area,Health,5.6279606,-0.1693977
168,BEIGE Capital,Haatso,Service,5.6676989,-0.2046940
169,Believers Bible Christian Church,East Legon,Landmark,5.6442107,-0.1667411
170,Bello Couture GH - West Lands,Haatso,Landmark,5.6622373,-0.2048943
171,Bemuah Royal Hospital,East Legon,Health,5.6459731,-0.1568956
172,Benab Oil,Legon Area,Landmark,5.6389416,-0.2096093
173,Benalice,Legon Area,Health,5.6715518,-0.1898203
174,Benconi Lodge,Legon Area,Landmark,5.6266257,-0.1469488
175,Bend The Trend,Haatso,Landmark,5.6744887,-0.1911148
176,Benzola Supermarket and Mini Restaurant,University of Ghana,Restaurant,5.6478885,-0.1854412
177,bervels,University of Ghana,Restaurant,5.6366154,-0.1859560
178,Best Buy,East Legon,Market,5.6457781,-0.1695035
179,Bestmont Hotel,East Legon,Landmark,5.6442143,-0.1530435
180,BestPoint Savings and Loan,East Legon,Service,5.6473079,-0.1496822
181,Bevy Bi-Lingual School,East Legon,Academic,5.6451564,-0.1650241
182,beyeden family mosque,East Legon,Landmark,5.6410700,-0.1598360
183,Big J,East Legon,Landmark,5.6467688,-0.1497662
184,Big J Forex Bureau,Legon Area,Landmark,5.6677428,-0.1877072
185,Bin Area,Madina,Landmark,5.6653856,-0.1738980
186,Biotechnology Centre,University of Ghana,Landmark,5.6489761,-0.1836925
187,Bismillah Electricals,East Legon,Landmark,5.6597556,-0.1509026
188,Black Wine,Legon Area,Landmark,5.6284198,-0.1671401
189,Blessed Child Montessori School,Legon Area,Landmark,5.6393478,-0.2127827
190,Block A,Madina,Landmark,5.6630151,-0.1750711
191,Block B,University of Ghana,Hostel,5.6462820,-0.1875393
192,Block C,University of Ghana,Hostel,5.6457208,-0.1875646
193,Block D,Legon Area,Academic,5.6686995,-0.1886308
194,Block E,Madina,Landmark,5.6648103,-0.1758754
195,Block F,University of Ghana,Hostel,5.6462666,-0.1864256
196,Block Factory,Legon Area,Transport Stop,5.6284456,-0.1736704
197,Block G,Madina,Landmark,5.6650667,-0.1743722
198,BlockE,University of Ghana,Hostel,5.6456957,-0.1867608
199,Blue Kiosk,Legon Area,Transport Stop,5.6475399,-0.2104242
200,BlueBells Pre-School International,Haatso,Landmark,5.6671434,-0.2056155
201,Bobby's Pub & Restaurant,Legon Area,Restaurant,5.6283842,-0.1691154
202,Boditel,East Legon,Landmark,5.6431415,-0.1590127
203,Bondaana Group,East Legon,Landmark,5.6359849,-0.1556409
204,Bonjour Haatso,Haatso,Market,5.6680941,-0.2055358
205,Bonsukoda,East Legon,Landmark,5.6605050,-0.1645917
206,Brain Hill International School,Legon Area,Academic,5.6305075,-0.1587760
207,Brainy Bairn School,Legon Area,Academic,5.6546745,-0.2080531
208,Brainy School Junction,Legon Area,Transport Stop,5.6547708,-0.2083344
209,Bread,East Legon,Landmark,5.6461489,-0.1489154
210,Bread Boutique,East Legon,Landmark,5.6595545,-0.1670510
211,Breakfast To Breakfast,Legon Area,Restaurant Area,5.6262807,-0.1535470
212,Brew Energy,East Legon,Landmark,5.6455439,-0.1455001
213,Brewa,East Legon,Transport Stop,5.6423748,-0.1617304
214,Bridge,Legon Area,Transport Stop,5.6451381,-0.2105643
215,Briefcase,East Legon,Landmark,5.6390893,-0.1537674
216,Brigina Lodge & Lounge Bar,East Legon,Landmark,5.6516096,-0.1548003
217,British International School,East Legon,Academic,5.6411399,-0.1516011
218,Britsh Laundry Services,Legon Area,Landmark,5.6293161,-0.1685536
219,Bubble Place,East Legon,Restaurant,5.6412219,-0.1611932
220,Bubune Pharmacy,Legon Area,Health,5.6515134,-0.2092634
221,Bungalow 1,East Legon,Landmark,5.6617042,-0.1743290
222,Bungalow 10,East Legon,Landmark,5.6613243,-0.1728561
223,Bungalow 11,East Legon,Landmark,5.6610465,-0.1731098
224,Bungalow 12,East Legon,Landmark,5.6610265,-0.1735986
225,Bungalow 13,East Legon,Landmark,5.6610047,-0.1743463
226,bungalow 14,East Legon,Landmark,5.6605480,-0.1743069
227,Bungalow 15,East Legon,Landmark,5.6605038,-0.1736257
228,Bungalow 16,East Legon,Landmark,5.6605499,-0.1730459
229,Bungalow 17,East Legon,Landmark,5.6605434,-0.1725454
230,Bungalow 18,East Legon,Landmark,5.6602033,-0.1744239
231,Bungalow 2,East Legon,Landmark,5.6616738,-0.1735698
232,Bungalow 20,Madina,Landmark,5.6633045,-0.1735966
233,Bungalow 22,Madina,Landmark,5.6632405,-0.1726344
234,Bungalow 24,East Legon,Landmark,5.6621917,-0.1716031
235,BUNGALOW 25,East Legon,Landmark,5.6626030,-0.1716155
236,BUNGALOW 26,Madina,Landmark,5.6630712,-0.1715954
237,BUNGALOW 27,Madina,Landmark,5.6635541,-0.1715929
238,BUNGALOW 28,Madina,Landmark,5.6640372,-0.1715956
239,BUNGALOW 29,Madina,Landmark,5.6642047,-0.1710882
240,Bungalow 3,East Legon,Landmark,5.6616990,-0.1731004
241,BUNGALOW 30,Madina,Landmark,5.6637220,-0.1710837
242,BUNGALOW 31,Madina,Landmark,5.6632244,-0.1710699
243,BUNGALOW 32,East Legon,Landmark,5.6627854,-0.1710780
244,BUNGALOW 33,East Legon,Landmark,5.6623196,-0.1710780
245,Bungalow 4,East Legon,Landmark,5.6616923,-0.1726015
246,Bungalow 5,East Legon,Landmark,5.6616910,-0.1720986
247,Bungalow 6,East Legon,Landmark,5.6616857,-0.1716118
248,Bungalow 7,East Legon,Landmark,5.6610344,-0.1715997
249,Bungalow 8,East Legon,Landmark,5.6610438,-0.1721053
250,Bungalow 9,East Legon,Landmark,5.6610374,-0.1725987
251,Burger King,Legon Area,Restaurant Area,5.6259754,-0.1534830
252,Bush Canteen,University of Ghana,Restaurant Area,5.6342961,-0.1844140
253,Bush Kanteen,Legon Area,Restaurant,5.6269365,-0.1679816
254,Business Department,University of Ghana,Landmark,5.6360535,-0.1994570
255,Buzzy Kids Montessori School,East Legon,Academic,5.6468352,-0.1688801
256,Cafe Jackie Dee,East Legon,Restaurant,5.6408715,-0.1580570
257,Cafeteria,Madina,Landmark,5.6625845,-0.1766277
258,Cake Sensations,Legon Area,Landmark,5.6265658,-0.1463251
259,CAL Bank,Haatso,Service,5.6723813,-0.2045345
260,Calabasas Restaurant,Haatso,Restaurant,5.6664751,-0.2043795
261,CalBank,East Legon,Service,5.6383953,-0.1707045
262,California Fitness Est 2029,Legon Area,Landmark,5.6260180,-0.1534748
263,Calvary Baptist Church,Legon Area,Landmark,5.6256691,-0.1741710
264,Calvary Presbyterian Church - Haatso,Haatso,Landmark,5.6691193,-0.2066861
265,Calvary Presbyterian School,Haatso,Academic,5.6686761,-0.2071110
266,Capentary Shop,Haatso,Transport Stop,5.6675550,-0.2118183
267,Capuco Pub,Legon Area,Landmark,5.6395207,-0.2115382
268,Career and councelling dept,University of Ghana,Landmark,5.6494475,-0.1902795
269,Casa Bellini,East Legon,Restaurant Area,5.6593202,-0.1632720
270,Casa Trasacco,Legon Area,Landmark,5.6238076,-0.1708754
271,Cash office,University of Ghana,Landmark,5.6501791,-0.1954248
272,Catters Hostel,Legon Area,Hostel,5.6296903,-0.1732201
273,Cedi Conference Centre,University of Ghana,Landmark,5.6516029,-0.1882722
274,Cemix Limited,Legon Area,Landmark,5.6302389,-0.1454084
275,Center Point Mall,Madina,Landmark,5.6668957,-0.1799503
276,"Central Cafeteria, CC",University of Ghana,Restaurant Area,5.6469687,-0.1870849
277,Centre for Biodiversity Conservation Research,University of Ghana,Academic,5.6542458,-0.1877235
278,"Centre for Climate Change and Sustainability Studies, C3SS",University of Ghana,Academic,5.6565213,-0.1879668
279,Cesia Lodge,Madina,Landmark,5.6691632,-0.1779793
280,Challenge Book Shop,East Legon,Landmark,5.6531554,-0.1683202
281,Chambers Forex Bureau,East Legon,Landmark,5.6412227,-0.1751237
282,Charismatic Evangelistic Ministry(CEM) Rehoboth Temple,Legon Area,Landmark,5.6720261,-0.1879656
283,Charlotte,East Legon,Landmark,5.6362890,-0.1542804
284,Chartered Institute of Bankers (Ghana),East Legon,Academic,5.6440692,-0.1703833
285,Chemistry Department Extension,University of Ghana,Landmark,5.6529204,-0.1856785
286,"Chemistry Department, University of Ghana",University of Ghana,Landmark,5.6520024,-0.1856885
287,Chez Afrique,Legon Area,Restaurant,5.6341743,-0.1713636
288,Chicken Inn,Legon Area,Restaurant Area,5.6222974,-0.1732573
289,Chop Bar,East Legon,Restaurant,5.6393177,-0.1616598
290,Chop Italy,Legon Area,Restaurant,5.6241441,-0.1709448
291,Chowstop,Legon Area,Restaurant Area,5.6535182,-0.2086400
292,Christ Apostolic Church,Haatso,Landmark,5.6734838,-0.2005563
293,Christ the Good Shepherd Church,East Legon,Landmark,5.6421430,-0.1750993
294,Christian Centre,East Legon,Transport Stop,5.6384138,-0.1502392
295,Christian Revival Outreach Church,Legon Area,Landmark,5.6258515,-0.1484391
296,Christian Village,Legon Area,Transport Stop,5.6353879,-0.2146520
297,Christian Village Jucntion,Legon Area,Transport Stop,5.6351546,-0.2149328
298,Christy Ventures,Madina,Landmark,5.6711923,-0.1750540
299,Church of Pentecost,Madina,Landmark,5.6719709,-0.1639660
300,"Church of Pentecost, El-Shaddai Assembly, North Legon",Madina,Landmark,5.6742111,-0.1775030
301,Cirrus Networks,University of Ghana,Landmark,5.6480128,-0.1807026
302,CITA Geakrh,Haatso,Landmark,5.6664108,-0.1962211
303,CitiVeg,University of Ghana,Landmark,5.6496932,-0.1847452
304,City Ceramica,Legon Area,Landmark,5.6282063,-0.1466937
305,City Galleria,Legon Area,Landmark,5.6212533,-0.1726459
306,City Laundry,Legon Area,Landmark,5.6496051,-0.2097899
307,City Lights,Legon Area,Landmark,5.6334671,-0.1499146
308,Citydia,Legon Area,Market,5.6305546,-0.1730084
309,Citydia Supermarket,East Legon,Market,5.6565405,-0.1509057
310,Clarivana,East Legon,Landmark,5.6350421,-0.1494513
311,Clark House,Legon Area,Landmark,5.6279011,-0.2110734
312,CleCal,East Legon,Landmark,5.6414138,-0.1723235
313,Clerk House,East Legon,Academic,5.6629629,-0.1730006
314,Clerk House Common Room,East Legon,Academic,5.6629832,-0.1733439
315,Clinic,Legon Area,Transport Stop,5.6565812,-0.2078341
316,Clinic/ police container,Legon Area,Transport Stop,5.6571738,-0.2077138
317,Codetrain,East Legon,Academic,5.6439987,-0.1543577
318,Coliba Collection Point,East Legon,Landmark,5.6423602,-0.1518325
319,College library building,East Legon,Landmark,5.6584651,-0.1613520
320,"College of Agric and Consumer Science, Legon",University of Ghana,Landmark,5.6501434,-0.1837592
321,college of education,University of Ghana,Landmark,5.6530756,-0.1811297
322,College of Health Sciences,University of Ghana,Academic,5.6370159,-0.1829064
323,Commonwealth Dinning hall,University of Ghana,Restaurant,5.6513099,-0.1925829
324,Commonwealth Hall,University of Ghana,Hostel,5.6508045,-0.1926719
325,Commonwealth Hall Chapel,University of Ghana,Landmark,5.6500788,-0.1926101
326,Commonwealth Hall Library,University of Ghana,Academic,5.6506539,-0.1935633
327,Communication,Legon Area,Transport Stop,5.6542123,-0.2086187
328,communication dept,University of Ghana,Landmark,5.6514484,-0.1809798
329,Compass Oleum,East Legon,Landmark,5.6420435,-0.1638985
330,Compu Ghana,East Legon,Landmark,5.6413284,-0.1523561
331,Computer Lab Building (Accra College of Education),East Legon,Landmark,5.6587781,-0.1608467
332,Computer Science Dept,University of Ghana,Landmark,5.6544410,-0.1837476
333,Conference Centre,East Legon,Landmark,5.6449947,-0.1707842
334,Confusious Institute,University of Ghana,Landmark,5.6490400,-0.1897362
335,Consolidated Bank Ghana,University of Ghana,Service,5.6430552,-0.1856608
336,Contact,Madina,Landmark,5.6693377,-0.1767035
337,Convenant House,Haatso,Landmark,5.6717605,-0.2050522
338,Coral Paint,Legon Area,Landmark,5.6283001,-0.1474413
339,Corner Bakery,East Legon,Landmark,5.6456119,-0.1484749
340,Corner Bar,East Legon,Landmark,5.6406372,-0.1724154
341,Cornerstone Homes,East Legon,Landmark,5.6465422,-0.1573104
342,Cornerstone International School,East Legon,Academic,5.6408578,-0.1615166
343,Cosmopolitan Health,East Legon,Health,5.6445739,-0.1554561
344,Country International School,East Legon,Academic,5.6438101,-0.1504262
345,Country Kids Pre School,East Legon,Landmark,5.6438137,-0.1502675
346,Cozby Enterprise,East Legon,Landmark,5.6424707,-0.1587080
347,Crave Xpress,East Legon,Restaurant,5.6572293,-0.1672482
348,CredAbility Investment and Microfinance Limited,Legon Area,Service,5.6293733,-0.1733576
349,CREDIT UNION,East Legon,Landmark,5.6629606,-0.1757966
350,Crown University College,Legon Area,Academic,5.6208706,-0.1850449
351,Current Forex Bureau,Haatso,Landmark,5.6680739,-0.2058750
352,D. I. E. A. Ventures,East Legon,Landmark,5.6438833,-0.1580850
353,Dance office,University of Ghana,Landmark,5.6494934,-0.1811855
354,Dance practical room,University of Ghana,Landmark,5.6493232,-0.1812096
355,Dance practical venue,University of Ghana,Landmark,5.6488529,-0.1807903
356,Dance washroom and store room,University of Ghana,Landmark,5.6496181,-0.1810701
357,Dar es Salaam Courts,University of Ghana,Hostel,5.6564386,-0.1817767
358,David Andoh Block,University of Ghana,Landmark,5.6354990,-0.2009418
359,Daybreakers,East Legon,Landmark,5.6356618,-0.1542693
360,de Chef,Legon Area,Restaurant,5.6255954,-0.1525323
361,De Randevous,Madina,Landmark,5.6677422,-0.1700710
362,De'lish,East Legon,Restaurant,5.6414108,-0.1735660
363,Decathlon,Legon Area,Landmark,5.6223391,-0.1728086
364,Dejoy,East Legon,Landmark,5.6404605,-0.1658582
365,Del International hospital & fertility centre,East Legon,Landmark,5.6524649,-0.1536391
366,Dellino Forex Bureau,East Legon,Landmark,5.6355552,-0.1722037
367,Dellino Plaza,East Legon,Landmark,5.6353564,-0.1722277
368,Dep't of History,University of Ghana,Landmark,5.6503540,-0.1897013
369,Dep't of Sociology,University of Ghana,Landmark,5.6501002,-0.1901238
370,Department of Agriculture Economics and Agribusiness,University of Ghana,Landmark,5.6496061,-0.1834720
371,Department of Animal Biology and Conservation Science,University of Ghana,Academic,5.6537135,-0.1877829
372,Department of Archaelogy,University of Ghana,Academic,5.6520276,-0.1811788
373,"Department of Economics, University of Ghana",University of Ghana,Landmark,5.6511077,-0.1874111
374,"Department of Family and Consumer Sciences Annex, FCOS",University of Ghana,Academic,5.6528284,-0.1845303
375,"Department of Geography and Resource Development, Legon",University of Ghana,Landmark,5.6509774,-0.1832998
376,Department of Mathematics,University of Ghana,Academic,5.6538762,-0.1844130
377,Department of Nutrition and Food Sciences,University of Ghana,Academic,5.6536336,-0.1887224
378,Department of Physics,University of Ghana,Academic,5.6514369,-0.1860522
379,Department of Plant and Environmental Biology,University of Ghana,Academic,5.6536902,-0.1865526
380,Department of Plant Biology,University of Ghana,Landmark,5.6546422,-0.1834414
381,DerbyNarh’s Beauty Parlour,Legon Area,Landmark,5.6737578,-0.1891914
382,DerbyNarh’s Closet,Legon Area,Landmark,5.6737395,-0.1891486
383,Desert Lion International,Haatso,Landmark,5.6673082,-0.2134085
384,Design & Technology institute,East Legon,Academic,5.6527716,-0.1633452
385,Despite Automobile Museum,East Legon,Landmark,5.6438752,-0.1521340
386,DHL,University of Ghana,Landmark,5.6480878,-0.1790256
387,Diagnostic Centre,Legon Area,Health,5.6317096,-0.1742594
388,Diamed Diagnostical and Treatment Center,University of Ghana,Health,5.6390968,-0.1774079
389,Diana Spot,University of Ghana,Landmark,5.6410103,-0.1761192
390,Diaspora,University of Ghana,Transport Stop,5.6379957,-0.1856489
391,Diddies Pub,East Legon,Landmark,5.6357668,-0.1665056
392,Didi Jollof,University of Ghana,Restaurant Area,5.6402783,-0.1863045
393,Dijas Collection,East Legon,Landmark,5.6596875,-0.1453531
394,Dispensary,East Legon,Landmark,5.6621474,-0.1726411
395,Distance Education Center,University of Ghana,Landmark,5.6510978,-0.1812731
396,DNR Turkish Cafe & Restaurant,Legon Area,Restaurant,5.6337727,-0.1722522
397,Dominguez,Legon Area,Landmark,5.6219081,-0.1731334
398,Dough Man Foods Xcafe,East Legon,Restaurant,5.6464313,-0.1550663
399,Dr. Hilla Limann Hall,University of Ghana,Hostel,5.6374859,-0.1846474
400,Drill D’,Legon Area,Restaurant Area,5.6262043,-0.1535103
401,DrivePrime Auto Parts,East Legon,Landmark,5.6493257,-0.1546052
402,E-Library,East Legon,Landmark,5.6625367,-0.1757269
403,E. P. Chuch Madina,Madina,Landmark,5.6717836,-0.1632960
404,Early Age Montessori School,Legon Area,Academic,5.6685534,-0.1861782
405,Earth Science,University of Ghana,Landmark,5.6511055,-0.1846376
406,"Earth Science Department, Legon",University of Ghana,Academic,5.6512093,-0.1844220
407,East Airport Guest House,Legon Area,Landmark,5.6256168,-0.1471360
408,East Gate Hotel,Legon Area,Landmark,5.6320067,-0.1680467
409,East Legon,East Legon,Transport Stop,5.6483193,-0.1507720
410,East Legon 11,University of Ghana,Residential Area,5.6478663,-0.1837175
411,East Legon 20,University of Ghana,Residential Area,5.6466655,-0.1846659
412,East Legon 21,University of Ghana,Residential Area,5.6448082,-0.1844832
413,East Legon 22,University of Ghana,Landmark,5.6443028,-0.1846965
414,East Legon 6,University of Ghana,Residential Area,5.6471847,-0.1832931
415,East Legon 8,University of Ghana,Landmark,5.6460228,-0.1844783
416,East Legon 9,University of Ghana,Residential Area,5.6456621,-0.1839616
417,East Legon Central Masjid,East Legon,Landmark,5.6420009,-0.1642429
418,East Legon Central Mosque,East Legon,Landmark,5.6420355,-0.1642928
419,East Legon Police Station,Legon Area,Landmark,5.6316248,-0.1525559
420,East Legon Veteinary Centre,East Legon,Landmark,5.6412384,-0.1756336
421,Ebenezer,Haatso,Transport Stop,5.6673302,-0.1926581
422,Ebenezer Nursery,Haatso,Academic,5.6671424,-0.1927394
423,Eckankar,East Legon,Landmark,5.6372409,-0.1737662
424,Ecobank,East Legon,Service,5.6412311,-0.1750258
425,Economics Department,University of Ghana,Landmark,5.6511659,-0.1874726
426,ECOWAS Coastal & Marine Resources,University of Ghana,Landmark,5.6527948,-0.1839535
427,ECP Pharmacy Wholesale,Madina,Health,5.6691692,-0.1769998
428,Ed-Joe,Legon Area,Health,5.6405047,-0.2105802
429,Eddys Pizza,Legon Area,Restaurant Area,5.6223330,-0.1736426
430,Eden,East Legon,Academic,5.6362887,-0.1601572
431,Edlys Montessori School,Legon Area,Academic,5.6690082,-0.1841885
432,EFE,East Legon,Landmark,5.6502889,-0.1677585
433,Egya Mensah,Haatso,Landmark,5.6721950,-0.1910217
434,El Tarsh Ventires,Haatso,Market,5.6740526,-0.1908336
435,Eleanor's Bar and Restaurant,Legon Area,Restaurant,5.6701816,-0.1852849
436,Electro Space,Legon Area,Landmark,5.6298730,-0.1462725
437,Electromart,Legon Area,Landmark,5.6707955,-0.1894772
438,Electronics Hub,Legon Area,Landmark,5.6224402,-0.1728603
439,Elias Builder's Gate Enterprise,Legon Area,Landmark,5.6735227,-0.1820749
440,Elizabeth Frances Sey Hall,University of Ghana,Landmark,5.6359372,-0.1873718
441,Elizabeth Sey Pharmacy,University of Ghana,Health,5.6354138,-0.1874682
442,Ellking Hotel,East Legon,Landmark,5.6398777,-0.1600978
443,Eloise,East Legon,Landmark,5.6385464,-0.1758780
444,Emefa,Haatso,Transport Stop,5.6673423,-0.1931486
445,Emenash,Legon Area,Landmark,5.6693812,-0.1885317
446,Emerald Quantum Ventures,Legon Area,Landmark,5.6687720,-0.1882307
447,Emily Otiboe School,East Legon,Academic,5.6369785,-0.1628003
448,Emmanuel Eye Clinic,Legon Area,Health,5.6304406,-0.1744333
449,Empire State Hotel,Legon Area,Landmark,5.6312552,-0.1594094
450,Emporium Pharmacy,University of Ghana,Health,5.6413071,-0.1772622
451,Empress,Legon Area,Landmark,5.6741479,-0.1876939
452,Energy building,University of Ghana,Landmark,5.6465735,-0.1880842
453,Engen,East Legon,Landmark,5.6592271,-0.1679370
454,ENGINEERING BLOCK,Madina,Landmark,5.6642182,-0.1744076
455,Engmann House,Madina,Academic,5.6634954,-0.1730038
456,Engmann House Common Room,Madina,Academic,5.6634916,-0.1733357
457,Enso Nyame Ye,East Legon,Market,5.6463609,-0.1529645
458,EPCL,East Legon,Health,5.6473956,-0.1497059
459,EPP Books,University of Ghana,Landmark,5.6536299,-0.1789940
460,Equity pharmacy,East Legon,Health,5.6373107,-0.1502454
461,Erata Hotel,East Legon,Landmark,5.6395541,-0.1750319
462,Erata Motors,Legon Area,Landmark,5.6313862,-0.1728774
463,Ernest Chemist,University of Ghana,Health,5.6531812,-0.1791792
464,Ernest Chemists East Legon Retail,Legon Area,Health,5.6339009,-0.1727902
465,Ernest Enterprise,Madina,Landmark,5.6672039,-0.1777367
466,Ernest Pharmacy,East Legon,Health,5.6404802,-0.1512114
467,Esidem Hospital,East Legon,Health,5.6601762,-0.1549791
468,Estatepedia,East Legon,Landmark,5.6455545,-0.1456244
469,Evandy Hostel,Legon Area,Hostel,5.6631104,-0.1818104
470,Evergreene Palms,Legon Area,Landmark,5.6232917,-0.1789731
471,Everything Kitchen,Legon Area,Restaurant,5.6729543,-0.1820700
472,Everything Nails & Spa,Legon Area,Landmark,5.6359134,-0.2147843
473,EVP Pharmacy,Haatso,Health,5.6605064,-0.2062095
474,Express Post Delivery Company,Legon Area,Landmark,5.6215838,-0.1739414
475,"Faculty of Arts, Languages",University of Ghana,Landmark,5.6509498,-0.1883360
476,family health shio,University of Ghana,Market,5.6480466,-0.1788001
477,Family Life Hotel,Legon Area,Landmark,5.6219778,-0.1915508
478,Farmers Haus,Legon Area,Landmark,5.6379047,-0.2125917
479,Felasino Supermarket,Haatso,Market,5.6734405,-0.1902661
480,Fidelity,Haatso,Transport Stop,5.6674030,-0.2002539
481,Fidelity Bank,Haatso,Service,5.6677677,-0.2003369
482,Fiesta Royale Hotel,Legon Area,Landmark,5.6192847,-0.1915778
483,Filipo,East Legon,Restaurant,5.6474684,-0.1692722
484,Fillie B's,East Legon,Restaurant,5.6358771,-0.1661658
485,Filling Station,Haatso,Transport Stop,5.6674867,-0.2033864
486,Fine Star,East Legon,Landmark,5.6422379,-0.1527377
487,Firdaus Cosmetics,Madina,Landmark,5.6731426,-0.1460100
488,Fire Stone,Madina,Transport Stop,5.6712951,-0.1751118
489,First Atlantic,East Legon,Service,5.6452477,-0.1489632
490,First Atlantic Bank,Legon Area,Service,5.6335946,-0.1728286
491,First Love Centre - The Mega Church,East Legon,Landmark,5.6569505,-0.1672423
492,First National Bank,Legon Area,Service,5.6678601,-0.1881616
493,FirstBank Ghana,Madina,Service,5.6669892,-0.1786231
494,Flame Grill Since 1957,Legon Area,Restaurant,5.6259056,-0.1535469
495,Flicks & Licks - East Legon,Legon Area,Restaurant,5.6305043,-0.1731969
496,Florenbent Plaza,Legon Area,Landmark,5.6501144,-0.2102389
497,Florence A.Dolphyne Charlets,University of Ghana,Landmark,5.6412304,-0.1980666
498,Flower Pot,Legon Area,Transport Stop,5.6267862,-0.1525619
499,Flower Pot Police Checkpoint,Legon Area,Landmark,5.6268878,-0.1524205
500,Fly Nails by Fosua,Haatso,Landmark,5.6625516,-0.2089390
501,Food Addict Gh,East Legon,Restaurant,5.6487685,-0.1743462
502,Food Shed,Haatso,Restaurant Area,5.6734859,-0.1906164
503,Food vendors,University of Ghana,Market,5.6510658,-0.1921150
504,Forest View Hotel,Legon Area,Landmark,5.6221967,-0.1917637
505,Forestry Commission,Legon Area,Transport Stop,5.6390987,-0.2088308
506,Franco Baby Essentials,East Legon,Landmark,5.6597439,-0.1510513
507,Frank Torto Chemistry Building,University of Ghana,Landmark,5.6528569,-0.1855815
508,Franko Trading,Haatso,Landmark,5.6678936,-0.2043774
509,Freedom Skatepark,Legon Area,Landmark,5.6300071,-0.1757451
510,Freight Masters Driving Institute,Haatso,Landmark,5.6622897,-0.2048860
511,Friendship Arts and Signs,Haatso,Landmark,5.6606579,-0.2059005
512,Frimps,East Legon,Landmark,5.6603234,-0.1512826
513,Front Yard,Legon Area,Restaurant Area,5.6712296,-0.1894119
514,FT Tawakalatu Allah Lah,East Legon,Restaurant,5.6411288,-0.1758754
515,Fugo Bar And Restaurant,East Legon,Restaurant,5.6415460,-0.1524682
516,Funky African,Legon Area,Landmark,5.6304098,-0.1556727
517,Furniture City,Legon Area,Landmark,5.6289463,-0.1489525
518,Fyne Wood,Legon Area,Landmark,5.6683723,-0.1879818
519,G&G Baby World,Legon Area,Academic,5.6722191,-0.1823005
520,G.S Plaza,Legon Area,Landmark,5.6272816,-0.1807371
521,Gadget Master,Legon Area,Landmark,5.6304373,-0.1556191
522,Galaxy International School,Legon Area,Academic,5.6301133,-0.1628907
523,Galaxy Oil,Legon Area,Landmark,5.6254657,-0.1525043
524,GCB Bank,Legon Area,Service,5.6341075,-0.1720692
525,GCB Bank ATM,University of Ghana,Service,5.6510275,-0.1875888
526,GCB Lecture Building,University of Ghana,Academic,5.6549613,-0.1883539
527,General Service Department,University of Ghana,Landmark,5.6364020,-0.2002160
528,Geography Lecturers office,University of Ghana,Landmark,5.6511521,-0.1826368
529,Ghana Dance Ensemble,University of Ghana,Landmark,5.6501876,-0.1809883
530,Ghana Institute of Languages,East Legon,Academic,5.6582302,-0.1704529
531,Ghana Institute of Management and Public Administration,Legon Area,Academic,5.6361440,-0.2021273
532,Ghana Link,East Legon,Transport Stop,5.6401671,-0.1619568
533,GIMPA,Legon Area,Transport Stop,5.6413781,-0.2052399
534,Gimpa Junction,Legon Area,Transport Stop,5.6389743,-0.2094225
535,GIS Lab A2,University of Ghana,Landmark,5.6509856,-0.1834970
536,Glamour Beauty Salon,Haatso,Landmark,5.6735407,-0.1903986
537,Global Evangelical Church,Madina,Landmark,5.6730575,-0.1785009
538,Glow-Rainbow Community School,Legon Area,Academic,5.6742597,-0.1878594
539,GM Plaza,East Legon,Landmark,5.6414484,-0.1736124
540,GMI Motors,University of Ghana,Landmark,5.6533454,-0.1797998
541,GN Bank,East Legon,Service,5.6415187,-0.1736266
542,"Go Mart, Haatso-Atomic",Legon Area,Market,5.6666534,-0.1866009
543,Gobe Bugatti,Legon Area,Restaurant Area,5.6687038,-0.1858965
544,Goil,Legon Area,Landmark,5.6357713,-0.2146648
545,"Goil Service Center, Haatso-Atomic",Legon Area,Landmark,5.6666683,-0.1867977
546,Golden Crest Lodge,Legon Area,Landmark,5.6324435,-0.1661773
547,Golden Jubilee Clinic,East Legon,Health,5.6621735,-0.1728161
548,Golden Oyster,East Legon,Landmark,5.6363454,-0.1502005
549,Gonja Park,University of Ghana,Landmark,5.6463402,-0.1854985
550,Government Block,Madina,Landmark,5.6634117,-0.1759157
551,Governors' Block,University of Ghana,Landmark,5.6360304,-0.2007476
552,Gracia,East Legon,Landmark,5.6399775,-0.1685009
553,Graduate Block C Legon Annex,University of Ghana,Residential Area,5.6469334,-0.1888381
554,"Graduate School, Legon",University of Ghana,Landmark,5.6532335,-0.1907183
555,Grant Court,Haatso,Landmark,5.6730261,-0.1900710
556,Great Hall,University of Ghana,Landmark,5.6506336,-0.1962168
557,Green House,Legon Area,Transport Stop,5.6325112,-0.1608303
558,Grill Inferno,Legon Area,Landmark,5.6686709,-0.1856601
559,GT Bank,Legon Area,Service,5.6327733,-0.1723904
560,Gulf House,University of Ghana,Landmark,5.6288657,-0.1774228
561,Haatso,Haatso,Transport Stop,5.6672765,-0.2046504
562,Haatso Goil Oil change and repair shop,Legon Area,Landmark,5.6666505,-0.1864661
563,Haatso Junction,Haatso,Transport Stop,5.6675272,-0.2042720
564,Haatso Plaza,Haatso,Landmark,5.6667284,-0.2045054
565,Haatso Station,Haatso,Transport Stop,5.6675159,-0.2049663
566,Haatso Yam Market,Haatso,Market,5.6691800,-0.2059278
567,Haatso-Atomic Kingdom Hall,Haatso,Landmark,5.6680711,-0.1905682
568,Hair Affairs By AYISHA,Madina,Landmark,5.6691189,-0.1494039
569,Hair Pot Salon,Madina,Landmark,5.6705987,-0.1763546
570,Hairkits,East Legon,Landmark,5.6479053,-0.1508471
571,Hajia Special Local Foods,Haatso,Restaurant Area,5.6673533,-0.2134855
572,Hall Library,University of Ghana,Academic,5.6464316,-0.1872899
573,Hallmark International School,Haatso,Academic,5.6672005,-0.2055717
574,Harold's Lodge,East Legon,Landmark,5.6610993,-0.1599890
575,Harris Chapel Baptist Church Haatso,Haatso,Landmark,5.6729409,-0.1964070
576,Hasbunallah Fresh Meat Butcher,Legon Area,Landmark,5.6745754,-0.1819522
577,HEADMASTER'S HOUSE,Madina,Landmark,5.6652000,-0.1711010
578,Health Shop Mini Mart,East Legon,Health,5.6383278,-0.1708890
579,Health Training Institutions Unit,East Legon,Academic,5.6576235,-0.1663669
580,HealthLane,Legon Area,Health,5.6255447,-0.1525073
581,Heritage Bank,East Legon,Service,5.6354846,-0.1718286
582,Heritage Craft Brewery,Legon Area,Landmark,5.6323036,-0.1532249
583,Hertz,Legon Area,Landmark,5.6262303,-0.1558692
584,High Bridge Lodge Guesthouse,East Legon,Landmark,5.6548320,-0.1625336
585,High Tension,East Legon,Transport Stop,5.6434962,-0.1700242
586,HIlla Limann,University of Ghana,Landmark,5.6374645,-0.1846508
587,Hilla Limann Basketball Court,University of Ghana,Landmark,5.6377733,-0.1848289
588,Home Accessories,East Legon,Landmark,5.6400647,-0.1677698
589,Home Made Local,Madina,Restaurant Area,5.6645778,-0.1641540
590,Home Science Annex,University of Ghana,Landmark,5.6528104,-0.1845172
591,Home Sweet Kitcken,Legon Area,Landmark,5.6268088,-0.1554926
592,Homebase,East Legon,Landmark,5.6424033,-0.1631214
593,Hot Gorbe Beans and Gari,Legon Area,Landmark,5.6747498,-0.1841998
594,Hotel Casaréré,East Legon,Landmark,5.6453664,-0.1566880
595,Hotel Obama,University of Ghana,Landmark,5.6335580,-0.1761218
596,Hotelier Chef Cuisinier,East Legon,Restaurant,5.6469140,-0.1581297
597,House 9,Madina,Academic,5.6645723,-0.1725539
598,HOUSEONFLEEK HAIR and COSMETICS,Madina,Landmark,5.6696368,-0.1649396
599,Huawei,Legon Area,Landmark,5.6221199,-0.1727729
600,Human Pharmacy,East Legon,Health,5.6457994,-0.1462907
601,I can do,Legon Area,Market,5.6737639,-0.1896310
602,ICGC Cornerstone Temple,Legon Area,Landmark,5.6387475,-0.2099376
603,ICGC Labone,Madina,Landmark,5.6705270,-0.1757480
604,Ideal College,East Legon,Academic,5.6584618,-0.1687698
605,Iguala Inn,East Legon,Restaurant,5.6356728,-0.1494914
606,Illy,Legon Area,Restaurant Area,5.6689003,-0.1883098
607,"Immanuel Presbyterian Church, Madina",Madina,Landmark,5.6724161,-0.1666838
608,Information Studies Department,University of Ghana,Academic,5.6552376,-0.1870638
609,Information Studies Labs,University of Ghana,Academic,5.6553712,-0.1874179
610,Institute for Democratic Governance (IDEG),East Legon,Landmark,5.6407960,-0.1563614
611,Institute For Environment & Sanitation Studies,University of Ghana,Academic,5.6535146,-0.1819874
612,Institute of Industrial Research(IIR-CSIR),East Legon,Landmark,5.6577017,-0.1503275
613,Institute of Professional Education,Madina,Academic,5.6678880,-0.1775294
614,Institute of Statistical and Social and Economic Research (ISSER) Annex,University of Ghana,Landmark,5.6553552,-0.1844582
615,Inter-Star Eye Clinic,East Legon,Health,5.6464588,-0.1550017
616,Internal Audit Directorate,University of Ghana,Academic,5.6509387,-0.1942729
617,International Homeopatic Clinic,East Legon,Health,5.6356020,-0.1610400
618,International House,University of Ghana,Academic,5.6536183,-0.1819735
619,International Medical & Dental Clinic,East Legon,Health,5.6371824,-0.1646518
620,"International Students Hostel 1, ISH 1",University of Ghana,Hostel,5.6397693,-0.1851371
621,"International Students Hostel 2, ISH 2",University of Ghana,Hostel,5.6415466,-0.1860872
622,International Students Hostel Car Park 1,University of Ghana,Transport Stop,5.6411078,-0.1856695
623,International Students Hostel Car Park 2,University of Ghana,Transport Stop,5.6403138,-0.1853865
624,Interpost Delivery Company Ghana Office,Legon Area,Landmark,5.6230058,-0.1728818
625,IPMC IT Learning Center,Legon Area,Academic,5.6702769,-0.1805380
626,iShop,Legon Area,Landmark,5.6223828,-0.1729716
627,islamic call,East Legon,Landmark,5.6404052,-0.1568432
628,ISSER Annex Pagoda 3,University of Ghana,Landmark,5.6556811,-0.1845447
629,ISSER Building,University of Ghana,Landmark,5.6544076,-0.1844338
630,J.H. Kwabena Nketia Archives,University of Ghana,Landmark,5.6501912,-0.1812784
631,"James Quartey Building, JQB",University of Ghana,Landmark,5.6523051,-0.1819699
632,James Topp Nelson Yankah Hall,Legon Area,Hostel,5.6662587,-0.1820871
633,Jamila Home,Legon Area,Restaurant,5.6441188,-0.2106590
634,Jaria Hotel,East Legon,Landmark,5.6429203,-0.1557990
635,Jean Nelson Aka Hall,University of Ghana,Landmark,5.6353399,-0.1884752
636,Jean Nelson Volleyball Court,University of Ghana,Landmark,5.6350988,-0.1883665
637,Jeason Nelson Basketball Court,University of Ghana,Landmark,5.6356100,-0.1886448
638,Jenny’s,Legon Area,Landmark,5.6261083,-0.1534825
639,Jessentials,East Legon,Landmark,5.6375937,-0.1662071
640,Jins Heights,Legon Area,Landmark,5.6411639,-0.2112690
641,Jins Savings & Loans,Legon Area,Service,5.6501293,-0.2101737
642,jj house,Madina,Landmark,5.6683827,-0.1660258
643,Joepharma Pharmacy,University of Ghana,Health,5.6504151,-0.1915174
644,Jubilee Hall,University of Ghana,Hostel,5.6404610,-0.1862615
645,Julie Shop,East Legon,Landmark,5.6474281,-0.1501224
646,Julitom,East Legon,Landmark,5.6417553,-0.1691074
647,K Folson Building,University of Ghana,Academic,5.6553671,-0.1867331
648,"K. A. Busia Building, KAB",University of Ghana,Landmark,5.6528846,-0.1829526
649,Kadis Kids,East Legon,Landmark,5.6424735,-0.1527028
650,Kampala Courts,University of Ghana,Hostel,5.6565235,-0.1810342
651,Kariba,Legon Area,Restaurant,5.6326024,-0.1696934
652,Kay B Ice kenkey,East Legon,Restaurant Area,5.6482159,-0.1507684
653,Kay B's Hotel,East Legon,Landmark,5.6464189,-0.1525696
654,Kay B's Restaurant and Event Place,East Legon,Restaurant,5.6463123,-0.1525147
655,Kay Billie Klaer Academy,East Legon,Academic,5.6507822,-0.1481070
656,Kenlam enterprise,Haatso,Landmark,5.6738249,-0.1905562
657,KFC,East Legon,Restaurant Area,5.6393323,-0.1693996
658,KFC / Banku Junction,East Legon,Transport Stop,5.6396227,-0.1694208
659,Kiddy Ground,East Legon,Landmark,5.6416060,-0.1527847
660,Kids at Heart International School,Madina,Academic,5.6697644,-0.1788679
661,Kids Base,East Legon,Landmark,5.6421379,-0.1629883
662,KikiBee's,East Legon,Restaurant,5.6389216,-0.1698160
663,King Solomon Dental Clinic,Haatso,Landmark,5.6679084,-0.2044069
664,Kingdom Books and Stationery,Madina,Landmark,5.6669839,-0.1793098
665,Kingdom FM,Legon Area,Landmark,5.6278873,-0.1760459
666,Kingsbridge Royale Hotel,East Legon,Landmark,5.6576991,-0.1523475
667,Kisseman Junction,Legon Area,Transport Stop,5.6372540,-0.2132336
668,Kisseman Market,Legon Area,Market,5.6392602,-0.2138419
669,Kitchen and Beyond GH Limited,Haatso,Landmark,5.6649489,-0.2042949
670,Knutsford University College,East Legon,Academic,5.6387623,-0.1716306
671,Kobby Motors,East Legon,Landmark,5.6484650,-0.1559269
672,Koko Joint,University of Ghana,Restaurant Area,5.6512819,-0.1796424
673,Koko Seller,Legon Area,Landmark,5.6737875,-0.1820331
674,Krystles,East Legon,Landmark,5.6450691,-0.1485597
675,Kuffour Quadrangle,University of Ghana,Landmark,5.6529284,-0.1870485
676,Kuuks Mart,East Legon,Market,5.6478565,-0.1503106
677,Kwansa House,East Legon,Academic,5.6624742,-0.1729982
678,Kwansa House Common Room,East Legon,Academic,5.6624637,-0.1733315
679,Kwapong Basketball Court,University of Ghana,Landmark,5.6371371,-0.1859171
680,Kwashieman Junction,Legon Area,Transport Stop,5.6493102,-0.2101245
681,La Fiesta Hacienda,East Legon,Market,5.6595163,-0.1658560
682,LA-Bawaleshie JHS & Primary School,East Legon,Academic,5.6421666,-0.1674865
683,Labone House,Madina,Academic,5.6637452,-0.1721776
684,Lancaster University Ghana,East Legon,Academic,5.6413147,-0.1522205
685,Language Center,University of Ghana,Landmark,5.6498662,-0.1895072
686,Laptop repairs and mobile shop infront of SRC,University of Ghana,Landmark,5.6469286,-0.1875179
687,Larway Oraca Building,University of Ghana,Academic,5.6535634,-0.1893884
688,Laundry Hub,University of Ghana,Landmark,5.6372625,-0.1855901
689,Le Must Family Restaurant,Legon Area,Restaurant,5.6222443,-0.1735857
690,Lebanese Cultural Center,Legon Area,Landmark,5.6281591,-0.1680383
691,"LECIAD, Legon",University of Ghana,Landmark,5.6521640,-0.1842912
692,Legacy Cyber Café,Madina,Landmark,5.6679915,-0.1671087
693,Legon,University of Ghana,Transport Stop,5.6407013,-0.1790346
694,Legon 2nd Bus Stop,University of Ghana,Transport Stop,5.6517112,-0.1800313
695,Legon Baptist Church,East Legon,Landmark,5.6483717,-0.1736579
696,Legon Barrier,University of Ghana,Transport Stop,5.6415839,-0.1979135
697,Legon City Mall,University of Ghana,Landmark,5.6534426,-0.1788186
698,Legon First,University of Ghana,Transport Stop,5.6536077,-0.1807077
699,Legon Hall,University of Ghana,Hostel,5.6493740,-0.1879984
700,Legon Hall Annex A,University of Ghana,Hostel,5.6479399,-0.1884121
701,Legon Hall Annex B,University of Ghana,Hostel,5.6469788,-0.1884928
702,Legon Hall Annex C (Graduate Hostel),University of Ghana,Hostel,5.6474034,-0.1889114
703,Legon Hall Barbeque Joint,University of Ghana,Restaurant,5.6487354,-0.1895287
704,Legon Hospital Bus Station,University of Ghana,Transport Stop,5.6495321,-0.1791633
705,Legon Interdenominational Church,University of Ghana,Landmark,5.6556437,-0.1904962
706,Legon Kingdom Hall,East Legon,Landmark,5.6483452,-0.1740136
707,Legon Main Entrance,University of Ghana,Academic,5.6506424,-0.1811450
708,Legon Police Station,University of Ghana,Landmark,5.6506714,-0.1795850
709,Legon Pool Side (University of Ghana),University of Ghana,Landmark,5.6397368,-0.1824197
710,Legon Post Office,University of Ghana,Landmark,5.6508996,-0.1876341
711,Legon Primary School,University of Ghana,Transport Stop,5.6426920,-0.1899442
712,Legon Second,University of Ghana,Transport Stop,5.6518837,-0.1799915
713,Legon Second Gate,University of Ghana,Transport Stop,5.6357626,-0.1774611
714,Legon Seventh-Day Adventist Church,East Legon,Landmark,5.6479511,-0.1738051
715,Legon Station,University of Ghana,Transport Stop,5.6501681,-0.1789634
716,Legon Taxi Rank,University of Ghana,Landmark,5.6408962,-0.1789632
717,Legon Traffic Light,University of Ghana,Transport Stop,5.6405525,-0.1792475
718,Liana Hotel,Haatso,Landmark,5.6745805,-0.1929580
719,Liberty American School,Legon Area,Academic,5.6301950,-0.1621303
720,Library Pub,University of Ghana,Landmark,5.6407100,-0.1770500
721,LIC legon interdenominatinal church,University of Ghana,Transport Stop,5.6551079,-0.1902331
722,LifeWay Community Baptist Church,East Legon,Landmark,5.6461320,-0.1454693
723,Little Paris,Legon Area,Restaurant Area,5.6223602,-0.1732978
724,Little Professors Academy,Haatso,Academic,5.6727739,-0.1904951
725,Living Room,Legon Area,Restaurant,5.6344223,-0.1537452
726,Livingstone House,Legon Area,Landmark,5.6283664,-0.2149114
727,lizalex,University of Ghana,Landmark,5.6364520,-0.1866406
728,Local Vibes Restaurant,East Legon,Restaurant,5.6384839,-0.1592682
729,Loley Pub,Legon Area,Landmark,5.6434625,-0.2141153
730,Lord of the Wings restaurant,East Legon,Restaurant,5.6451510,-0.1562630
731,Love Embassy,Madina,Landmark,5.6733050,-0.1527880
732,Love Montessori International School,Madina,Academic,5.6659731,-0.1686120
733,Love Worship Christian Centre,Madina,Landmark,5.6659733,-0.1685876
734,LPG only,Haatso,Landmark,5.6716792,-0.2044296
735,Lucas University,Legon Area,Academic,5.6250563,-0.1885236
736,Lycée Française Jacques Prevet,Legon Area,Academic,5.6320015,-0.1701547
737,M&K Xpress Auto Services,Madina,Landmark,5.6728668,-0.1518385
738,Macarthy House,Legon Area,Landmark,5.6294995,-0.2143315
739,Madina Central SDA Church,Madina,Landmark,5.6668215,-0.1642457
740,Madina Firestone Junction,Madina,Transport Stop,5.6685252,-0.1712544
741,Madina Philadelphia Royals,Madina,Landmark,5.6741989,-0.1772589
742,Madina Polyclinic,Madina,Health,5.6675801,-0.1652291
743,Maison Francais,University of Ghana,Landmark,5.6493191,-0.1875420
744,Mama Lit,Madina,Restaurant,5.6680008,-0.1651215
745,Mamma Mia East Legon,Legon Area,Restaurant,5.6295047,-0.1643344
746,Manet Palm Estates,Madina,Landmark,5.6725076,-0.1480714
747,Mango & Wheat,Legon Area,Restaurant,5.6342314,-0.1725357
748,Mangoase,Madina,Market,5.6640204,-0.1736529
749,Manya Krobo Rural Bank,Madina,Service,5.6693565,-0.1758589
750,Martey Tsuru Presby Basic Schools,Legon Area,Academic,5.6233452,-0.1476797
751,Master’s Senior High,Haatso,Academic,5.6721285,-0.2009149
752,Mathematics Dept,University of Ghana,Landmark,5.6539165,-0.1844604
753,Maths Dept,University of Ghana,Landmark,5.6538571,-0.1838395
754,Matrix Fitness & Lifestyle Center,University of Ghana,Landmark,5.6534687,-0.1788222
755,Max Mart,University of Ghana,Market,5.6533380,-0.1790408
756,Maxi Catering Services,University of Ghana,Restaurant,5.6393227,-0.1825771
757,Maxxon,Haatso,Landmark,5.6677133,-0.2033511
758,Maxy Forex Bureau,Haatso,Landmark,5.6666048,-0.2043743
759,Mayan Book Centre Limited,East Legon,Landmark,5.6378875,-0.1725856
760,Mazda,Legon Area,Landmark,5.6264643,-0.1547504
761,Mc Joy Restaurant,East Legon,Restaurant,5.6395725,-0.1689287
762,McDan AstroTurf,University of Ghana,Landmark,5.6357062,-0.1763479
763,McHenly's Medical Centre,Legon Area,Health,5.6328150,-0.1669205
764,MCS International High,Legon Area,Academic,5.6321431,-0.1576054
765,MDS Lancet Laboratories,East Legon,Landmark,5.6363328,-0.1731256
766,Med Aid Pharmacy,East Legon,Health,5.6464443,-0.1550248
767,Medical & Dental Clini6,Legon Area,Health,5.6264187,-0.1537796
768,Medifem Multi-Specialist Hospital & Fertility Centre,Legon Area,Health,5.6585279,-0.2060705
769,Medimart,Legon Area,Health,5.6279561,-0.1511863
770,MediTab,Haatso,Health,5.6739300,-0.1937353
771,Meditab Pharmacy,East Legon,Health,5.6597419,-0.1511167
772,Meko,University of Ghana,Landmark,5.6409815,-0.1777129
773,Melcom,Legon Area,Market,5.6225574,-0.1729668
774,Melcom Plus,Legon Area,Market,5.6264343,-0.1514235
775,"Mellow Foods, Accra",Madina,Landmark,5.6628040,-0.1795770
776,Meltwater Entrepreneurial School Of Technology,East Legon,Landmark,5.6444262,-0.1516189
777,Mensah Sarbah Annex A,University of Ghana,Hostel,5.6459267,-0.1854758
778,Mensah Sarbah Annex B,University of Ghana,Hostel,5.6448992,-0.1854696
779,Mensah Sarbah Annex C,University of Ghana,Hostel,5.6453805,-0.1852587
780,Mensah Sarbah Annex D,University of Ghana,Hostel,5.6453944,-0.1857008
781,Mensah Sarbah Dining Hall,University of Ghana,Restaurant,5.6453777,-0.1870763
782,Mensah Sarbah Hall,University of Ghana,Hostel,5.6459401,-0.1870690
783,Mensah Sarbah Hall Mosque,University of Ghana,Landmark,5.6455097,-0.1864822
784,Mensah Sarbah Main Hall Females' Laundromat,University of Ghana,Landmark,5.6459442,-0.1866023
785,Mensvic,East Legon,Transport Stop,5.6370893,-0.1716064
786,Mensvic Grand Hotel,East Legon,Landmark,5.6370692,-0.1719306
787,Michelin,University of Ghana,Landmark,5.6575746,-0.1799990
788,MiG Mart East Legon,East Legon,Market,5.6352469,-0.1499508
789,Miklin Hotel,Legon Area,Landmark,5.6304450,-0.1686709
790,Milano,Legon Area,Landmark,5.6299622,-0.1462436
791,Mini Clinic,Legon Area,Health,5.6674754,-0.1856644
792,Minimarket,Legon Area,Market,5.6277978,-0.1463240
793,Mirage Royale Hotel,East Legon,Landmark,5.6399343,-0.1524408
794,Mishvet Veterinary Home Call Services,University of Ghana,Landmark,5.6468285,-0.1855157
795,Miss Vee,Legon Area,Landmark,5.6498416,-0.2097531
796,MJ Grand Hotel,East Legon,Landmark,5.6353790,-0.1678962
797,MKO.GH Clothing,Legon Area,Landmark,5.6420093,-0.2108594
798,Mobile Money,University of Ghana,Landmark,5.6516696,-0.1890355
799,Mobile Money Operator,Legon Area,Landmark,5.6737914,-0.1821088
800,Modern Fashion,Legon Area,Landmark,5.6304988,-0.1555970
801,Modern language department,University of Ghana,Landmark,5.6494610,-0.1898441
802,Monarch Hotel,East Legon,Landmark,5.6456450,-0.1614363
803,MrWise Autos,East Legon,Landmark,5.6507420,-0.1506992
804,MTN,East Legon,Transport Stop,5.6452846,-0.1562346
805,MTN Mobile Money,Legon Area,Landmark,5.6221657,-0.1746514
806,Museum of Archaelogy,University of Ghana,Landmark,5.6519680,-0.1810821
807,Muslim Prayer Lounge,University of Ghana,Landmark,5.6507792,-0.1933811
808,MycroChemist Pharmacy,East Legon,Health,5.6477194,-0.1515105
809,N Block,University of Ghana,Landmark,5.6547165,-0.1870592
810,Naa's Special Kenkey,Haatso,Restaurant Area,5.6736987,-0.1906602
811,Naagamni Oil,Legon Area,Landmark,5.6412986,-0.2112152
812,Nadel Driving School,East Legon,Landmark,5.6428909,-0.1594404
813,Nailcanta,University of Ghana,Landmark,5.6586113,-0.1810408
814,Nairobi Courts,University of Ghana,Hostel,5.6565606,-0.1805851
815,Najinaram Crescent Lodge,East Legon,Landmark,5.6421855,-0.1749522
816,Nana Boakye,Haatso,Landmark,5.6691225,-0.2055307
817,Narnia FC Park,University of Ghana,Landmark,5.6459129,-0.1822364
818,National Accreditation Board,East Legon,Landmark,5.6454936,-0.1707694
819,National Board for Professional and Technician Examinations,East Legon,Landmark,5.6453852,-0.1702222
820,National Council for Tertiary Education,East Legon,Landmark,5.6458961,-0.1703933
821,National Identification Authority,Legon Area,Landmark,5.6261561,-0.1795007
822,National Investment Bank,East Legon,Service,5.6421460,-0.1628681
823,Nature and Food Development Foundatiom,University of Ghana,Academic,5.6540831,-0.1880742
824,NBlock,University of Ghana,Landmark,5.6546936,-0.1872933
825,New Assembly Hall,Legon Area,Landmark,5.6303656,-0.2111454
826,New Dining Hall,Madina,Landmark,5.6636168,-0.1741570
827,New Goase,Madina,Landmark,5.6648476,-0.1766408
828,New Labs,Madina,Landmark,5.6648111,-0.1753864
829,"New N Block, NNB",University of Ghana,Landmark,5.6559613,-0.1879588
830,NEWBUNGALOW 1,Madina,Landmark,5.6634653,-0.1707244
831,NEWBUNGALOW 2,Madina,Landmark,5.6630038,-0.1707291
832,Nextgen,Legon Area,Landmark,5.6299227,-0.1461625
833,NHYIRA FOODWAYS,Madina,Restaurant,5.6691423,-0.1494924
834,NIB,Legon Area,Service,5.6264316,-0.1550291
835,Night Market,University of Ghana,Market,5.6425034,-0.1862823
836,NNB Washroom,University of Ghana,Landmark,5.6561618,-0.1879508
837,No 1 School Park,Madina,Landmark,5.6753286,-0.1638904
838,Noble House,East Legon,Restaurant,5.6395592,-0.1458940
839,Noguchi Memorial Institute for Medical Research,University of Ghana,Landmark,5.6342209,-0.1833394
840,North Hills International School,Legon Area,Academic,5.6724638,-0.1817056
841,North Legon Hospital,Legon Area,Health,5.6694200,-0.1824545
842,North Legon Little Campus (International School),Legon Area,Academic,5.6717116,-0.1869201
843,North Legon Pre-School,Legon Area,Academic,5.6709614,-0.1829411
844,North Legon Spa & Beauty Salon,Legon Area,Landmark,5.6686110,-0.1824306
845,NourishLab Smoothy's,East Legon,Restaurant Area,5.6415539,-0.1623650
846,Nouveau,East Legon,Landmark,5.6453291,-0.1567128
847,Nubuke Foundation,East Legon,Restaurant,5.6363555,-0.1745988
848,Nududu Restaurant,Haatso,Restaurant,5.6704400,-0.1957172
849,Nyaah Pharmacy,Legon Area,Health,5.6273579,-0.1462456
850,O.K.E Dental Clinic,Legon Area,Landmark,5.6308634,-0.1572307
851,Oak Plaza Hotel,Legon Area,Landmark,5.6330896,-0.1756122
852,Oak Plaza Hotel East Airport,Legon Area,Landmark,5.6262961,-0.1550809
853,Oando,University of Ghana,Landmark,5.6572876,-0.1802505
854,Oasis Park Residences,Legon Area,Landmark,5.6271398,-0.1698751
855,Obaapa Special Food,East Legon,Restaurant Area,5.6412946,-0.1740801
856,Obaatan Pa Womens Hospital,Legon Area,Health,5.6310246,-0.1687017
857,Oceano Restaurant,East Legon,Restaurant,5.6471829,-0.1530583
858,office,University of Ghana,Landmark,5.6496809,-0.1809555
859,Office of The Dean of Students,University of Ghana,Landmark,5.6513197,-0.1876040
860,Offices,East Legon,Landmark,5.6625212,-0.1751617
861,Ohemaa's Square,East Legon,Landmark,5.6411081,-0.1719285
862,Oj's Beans,East Legon,Restaurant Area,5.6480003,-0.1508269
863,Okay Shoes GH,East Legon,Landmark,5.6424091,-0.1630662
864,Okponglo,University of Ghana,Transport Stop,5.6413411,-0.1780914
865,Okponglo Roundabout,University of Ghana,Transport Stop,5.6403652,-0.1837592
866,Okponglo Second Gate,University of Ghana,Transport Stop,5.6377339,-0.1773751
867,Old Dining Hall,East Legon,Landmark,5.6623707,-0.1739728
868,Old Labs 1,Madina,Landmark,5.6633624,-0.1752015
869,Old Labs 2,Madina,Landmark,5.6636307,-0.1753231
870,Old law faculty,University of Ghana,Landmark,5.6528538,-0.1815174
871,Old School Library,East Legon,Academic,5.6625886,-0.1745647
872,Olive Height Hotel,Legon Area,Landmark,5.6487631,-0.2113139
873,Omni Bank,East Legon,Service,5.6436642,-0.1476870
874,Omotche Lodge,Legon Area,Hostel,5.6716443,-0.1858096
875,Onyame Adom,East Legon,Market,5.6457420,-0.1493090
876,Opportunities Industrialization Centers Ghana (OIC Ghana),Legon Area,Academic,5.6283074,-0.1660946
877,Options,Legon Area,Market,5.6592188,-0.2062920
878,Options Mart,Legon Area,Market,5.6278841,-0.1723196
879,Orca,Legon Area,Landmark,5.6298215,-0.1485933
880,Organisation of African Trade Union Unity O.A.T.U.U,Legon Area,Landmark,5.6219566,-0.1866256
881,Oriental,Legon Area,Restaurant,5.6263855,-0.1537051
882,Orzzy Ventures,Madina,Landmark,5.6735583,-0.1462547
883,Owusu-Parry House,Madina,Academic,5.6641032,-0.1730467
884,P.E Department,Madina,Landmark,5.6617549,-0.1766909
885,Padthai Restaurant,East Legon,Restaurant,5.6373480,-0.1542760
886,Pakoo Collection,Haatso,Landmark,5.6735704,-0.1904462
887,Palace,Madina,Landmark,5.6678247,-0.1781724
888,Palace Car Park,Madina,Transport Stop,5.6675543,-0.1780220
889,Palace Home Decor,Legon Area,Landmark,5.6270576,-0.1545446
890,Palace Hypermarket,Legon Area,Market,5.6252632,-0.1538574
891,Panacea Pharmacy,Legon Area,Health,5.6577641,-0.2075202
892,Papa's Pizza,East Legon,Restaurant Area,5.6436328,-0.1581806
893,Papagu House,Legon Area,Landmark,5.6375126,-0.2134103
894,Papawo,Haatso,Transport Stop,5.6674674,-0.1981842
895,Papaye,Legon Area,Restaurant Area,5.6670197,-0.1870428
896,Part Vista,Legon Area,Landmark,5.6674183,-0.1822233
897,Pawn Shop,Legon Area,Landmark,5.6264521,-0.1548401
898,Payless ShoeSource,Legon Area,Landmark,5.6217622,-0.1732612
899,Peace Clinic,Madina,Landmark,5.6700657,-0.1600853
900,Pent Food Court,University of Ghana,Restaurant,5.6562040,-0.1806730
901,Pentagon Block A,University of Ghana,Hostel,5.6576524,-0.1820183
902,Pentagon Block B,University of Ghana,Hostel,5.6589034,-0.1821107
903,Pentagon Block C,University of Ghana,Hostel,5.6582999,-0.1809390
904,Pentecost,Haatso,Transport Stop,5.6695820,-0.2054838
905,PeterPan,Legon Area,Restaurant Area,5.6327205,-0.1565220
906,Pharmacy,Haatso,Transport Stop,5.6604455,-0.2060712
907,Pharmarcy,Haatso,Transport Stop,5.6606307,-0.2060374
908,Physics,University of Ghana,Academic,5.6519893,-0.1858952
909,"Physics Department, University of Ghana",University of Ghana,Landmark,5.6510855,-0.1856901
910,Pill Point,Madina,Health,5.6678356,-0.1774716
911,Pillpoint Pharmacy (Retail),East Legon,Health,5.6470772,-0.1689755
912,Pilosoft Services,University of Ghana,Landmark,5.6511865,-0.1794882
913,Pink Panda,East Legon,Landmark,5.6588773,-0.1530284
914,Pinkberry,Legon Area,Landmark,5.6670054,-0.1801056
915,Pinocchio,East Legon,Restaurant,5.6371601,-0.1499783
916,Pizza Hut,Legon Area,Restaurant Area,5.6248463,-0.1532888
917,Pizza Inn,Legon Area,Restaurant Area,5.6223279,-0.1732758
918,Pizzaman-Chickenman,Legon Area,Restaurant Area,5.6669912,-0.1801479
919,PK Beauty Salon,Haatso,Landmark,5.6678147,-0.2094610
920,Platinum Steam Car Wash,Haatso,Landmark,5.6601644,-0.2064268
921,Police Container,Legon Area,Transport Stop,5.6573176,-0.2075698
922,Political Science Department,University of Ghana,Academic,5.6548594,-0.1864065
923,Porcer Ghana Limited,East Legon,Landmark,5.6412235,-0.1747203
924,Porter's lodge,University of Ghana,Landmark,5.6347639,-0.1992156
925,Ports,Legon Area,Landmark,5.6276385,-0.1579494
926,Ports For Sell,Legon Area,Landmark,5.6302703,-0.1602027
927,Post Box,Haatso,Transport Stop,5.6616210,-0.2055429
928,Power House,University of Ghana,Transport Stop,5.6560636,-0.1801477
929,Presbyterian Boys' Senior High School,Madina,Academic,5.6637866,-0.1728405
930,Presbyterian Church Shiashie,Legon Area,Landmark,5.6314792,-0.1697842
931,Presec,Madina,Transport Stop,5.6617587,-0.1783598
932,Prestige Hostel,East Legon,Hostel,5.6596149,-0.1670739
933,Pretty Wings,East Legon,Restaurant Area,5.6352536,-0.1494572
934,Prince Furniture,East Legon,Landmark,5.6414905,-0.1710185
935,Princess Diana Memorial School,East Legon,Academic,5.6470435,-0.1488796
936,Printing Shop,University of Ghana,Landmark,5.6499650,-0.1868512
937,Prolife Chinese Acupuncture Clinic,East Legon,Health,5.6601658,-0.1517444
938,Providence Baptist Church,Legon Area,Landmark,5.6409310,-0.2124208
939,Prudential Bank,University of Ghana,Service,5.6429477,-0.1859194
940,Prudential Bank Haatso,Haatso,Service,5.6668143,-0.2043700
941,Psychology Department,University of Ghana,Academic,5.6550778,-0.1867541
942,PTA Block,Madina,Landmark,5.6645470,-0.1744253
943,PTA House,Madina,Landmark,5.6650985,-0.1718941
944,Public Affairs Directorate,University of Ghana,Landmark,5.6510658,-0.1954203
945,Puma,Haatso,Landmark,5.6679370,-0.2082338
946,Puplampu,Legon Area,Transport Stop,5.6328306,-0.1726730
947,Pure Fire,Legon Area,Transport Stop,5.6378831,-0.2118914
948,Pure Fire Miracles Ministries International,Legon Area,Landmark,5.6382787,-0.2119595
949,Quality Care,East Legon,Health,5.6377095,-0.1619128
950,Queen's Hut,Madina,Landmark,5.6710221,-0.1788453
951,Queen's International School,East Legon,Academic,5.6375238,-0.1480143
952,Rabbonny Driving School,Madina,Landmark,5.6705085,-0.1754049
953,Radford University College,East Legon,Academic,5.6378571,-0.1714394
954,Radiance Pharmacy,Legon Area,Health,5.6686491,-0.1880574
955,Radio Univers,University of Ghana,Landmark,5.6517917,-0.1809960
956,Rainforest Market,East Legon,Landmark,5.6418095,-0.1582814
957,Rapidwash Laundry,Legon Area,Landmark,5.6678454,-0.1882260
958,Ready,Legon Area,Landmark,5.6486706,-0.2105045
959,Real Deals Limited,Haatso,Landmark,5.6678825,-0.2044893
960,Rebeacon Chemists,Haatso,Landmark,5.6665364,-0.2047808
961,Rebeacon Chemists Limited,Haatso,Health,5.6659402,-0.2042964
962,Red Cotton,East Legon,Landmark,5.6414078,-0.1737372
963,Rehoboth washroom,Legon Area,Landmark,5.6717212,-0.1881765
964,Republic Bank,University of Ghana,Service,5.6432313,-0.1849777
965,Rest station,University of Ghana,Landmark,5.6517496,-0.1890346
966,Restaurant T.P.,East Legon,Restaurant,5.6437831,-0.1483961
967,Rhamshiv Pharmacy,East Legon,Health,5.6412601,-0.1739646
968,Riis House,East Legon,Academic,5.6627133,-0.1720784
969,Riis House Common Room,East Legon,Academic,5.6627360,-0.1724137
970,RIPS building,University of Ghana,Landmark,5.6545122,-0.1841246
971,River View Car Wash,Haatso,Landmark,5.6673761,-0.2136655
972,ROD Forex Bureau,East Legon,Landmark,5.6410696,-0.1737806
973,Rodinný dům,Legon Area,Landmark,5.6304706,-0.1736670
974,Ronsard School,East Legon,Academic,5.6350251,-0.1642425
975,Rowies,Haatso,Restaurant Area,5.6702372,-0.2112982
976,Royal Cafe Restaurant,East Legon,Restaurant,5.6457476,-0.1569449
977,Royal Emperor,East Legon,Restaurant,5.6399694,-0.1759748
978,Royal Furnishers,Legon Area,Landmark,5.6359878,-0.2144498
979,Royal furniture Limited,Legon Area,Landmark,5.6281784,-0.1701386
980,Royal Masters Fast Food,Haatso,Restaurant Area,5.6675493,-0.2044761
981,Royal Palm Groove Lodge,Legon Area,Landmark,5.6450762,-0.2107812
982,Royal Rechester,Legon Area,Landmark,5.6340065,-0.1526104
983,Royal Rose,Legon Area,Restaurant,5.6223992,-0.1733230
984,"RSGIS Lab, Legon",University of Ghana,Landmark,5.6513090,-0.1835385
985,Rubis Wardrobe,Legon Area,Landmark,5.6371799,-0.2135819
986,Rubyway Hotel,East Legon,Landmark,5.6595874,-0.1530876
987,Ruki's Salon,Madina,Landmark,5.6747281,-0.1787979
988,"Résidence ""U"" Hotel",Haatso,Landmark,5.6716579,-0.1962588
989,S R Tonni,East Legon,Landmark,5.6421369,-0.1630510
990,saint thomas acquinas,University of Ghana,Landmark,5.6546532,-0.1900392
991,SalmaRise,Legon Area,Landmark,5.6684864,-0.1852684
992,Salmarise Hotel,Legon Area,Landmark,5.6684241,-0.1855633
993,Sam Art,Legon Area,Landmark,5.6233867,-0.1680778
994,Samsung shop,University of Ghana,Market,5.6376514,-0.1844502
995,Santoku,Legon Area,Restaurant,5.6203428,-0.1783181
996,Sarbah field,University of Ghana,Landmark,5.6463301,-0.1886265
997,Sarbah Hall Main,University of Ghana,Landmark,5.6459818,-0.1875043
998,Sarbah Main,University of Ghana,Residential Area,5.6454114,-0.1875467
999,SARS Cakes and Decor,Legon Area,Landmark,5.6749600,-0.1831406
1000,Save the Nation's Sight Clinic,East Legon,Health,5.6584216,-0.1558020
1001,Scentopia,Legon Area,Landmark,5.6219066,-0.1736781
1002,School of Communication Studies,University of Ghana,Academic,5.6517512,-0.1812907
1003,School of Engineering Sciences,University of Ghana,Academic,5.6555123,-0.1830511
1004,School of Law,University of Ghana,Landmark,5.6542111,-0.1831612
1005,School Of Nursing and Midwifery,University of Ghana,Landmark,5.6535189,-0.1900925
1006,School of Performing Art,University of Ghana,Academic,5.6496935,-0.1811913
1007,School of Performing Arts,University of Ghana,Landmark,5.6497264,-0.1813383
1008,School of Public Service & Governance,University of Ghana,Academic,5.6357070,-0.2013451
1009,School of Social Science,University of Ghana,Academic,5.6550638,-0.1873306
1010,School of Technology,University of Ghana,Landmark,5.6351050,-0.2012336
1011,SCHOOL'S BASKETBALL COURT,Madina,Landmark,5.6637934,-0.1731071
1012,Science Resource Centre,Madina,Landmark,5.6645238,-0.1749672
1013,Second Cup,Legon Area,Restaurant,5.6257578,-0.1538178
1014,Security post,East Legon,Landmark,5.6506515,-0.1653862
1015,Sel,East Legon,Landmark,5.6421383,-0.1624193
1016,Selasi,Haatso,Transport Stop,5.6746003,-0.1908777
1017,Selina,East Legon,Transport Stop,5.6446871,-0.1570393
1018,Selina Lodge,East Legon,Landmark,5.6445593,-0.1569060
1019,SESA Collection Point - Beulah Methodist Church,Legon Area,Landmark,5.6535368,-0.2125357
1020,Sey frontage,University of Ghana,Transport Stop,5.6357375,-0.1878314
1021,SG-SSB,University of Ghana,Service,5.6478457,-0.1789641
1022,SGL Royal Kapita,East Legon,Service,5.6384290,-0.1719767
1023,SH Event Managemet,Legon Area,Landmark,5.6747471,-0.1844630
1024,Sheikina Avenue,Madina,Landmark,5.6685661,-0.1514397
1025,Shell,Legon Area,Landmark,5.6211065,-0.1845306
1026,Shiashi Taxi Station,Legon Area,Landmark,5.6273147,-0.1758888
1027,Shiashie,Legon Area,Transport Stop,5.6276839,-0.1764355
1028,Shoprite,Legon Area,Market,5.6216545,-0.1737286
1029,Sigma Square,Legon Area,Landmark,5.6308883,-0.1570967
1030,Sign board,Legon Area,Transport Stop,5.6521095,-0.2093378
1031,Silver Hair Barber Shop,Legon Area,Landmark,5.6674728,-0.1855852
1032,Silver Kleen Laundry,Legon Area,Landmark,5.6730352,-0.1860242
1033,SimaBrew,Haatso,Landmark,5.6649572,-0.2047223
1034,"Sir John New Office Complex, Forestry Commission",Legon Area,Landmark,5.6404158,-0.2080436
1035,Sky Bar 25,Legon Area,Landmark,5.6204444,-0.1776265
1036,SkyWings,Legon Area,Restaurant,5.6748969,-0.1818337
1037,Slessor House,Legon Area,Landmark,5.6270860,-0.2104688
1038,SMAC Sports Center,Legon Area,Landmark,5.6232037,-0.1706263
1039,small food vendor,University of Ghana,Restaurant,5.6484043,-0.1854504
1040,Sneda Shopping,Legon Area,Market,5.6265207,-0.1511596
1041,Soccabet,Legon Area,Landmark,5.6213614,-0.1740639
1042,Social Work Department,University of Ghana,Academic,5.6549353,-0.1876084
1043,Societe Generale Ghana,Legon Area,Service,5.6299153,-0.1731851
1044,"Societe Generale Ghana, Madina Branch",Madina,Service,5.6718578,-0.1746358
1045,Soil Science,University of Ghana,Landmark,5.6501238,-0.1847996
1046,Solcal,East Legon,Landmark,5.6410621,-0.1725576
1047,Solutions Pharmaceuticals Limited,University of Ghana,Health,5.6409902,-0.1774232
1048,Sonant Court Hotel,East Legon,Landmark,5.6354327,-0.1502742
1049,Spanner,Legon Area,Transport Stop,5.6205060,-0.1764853
1050,Spintex Junction,Legon Area,Transport Stop,5.6212341,-0.1749921
1051,Spintex Police Station,Legon Area,Landmark,5.6293575,-0.1467767
1052,Spring Field,Legon Area,Landmark,5.6259727,-0.1536830
1053,SRC Union Building,University of Ghana,Landmark,5.6469645,-0.1877165
1054,St Kem Pharmacy,Legon Area,Health,5.6680847,-0.1818992
1055,St Michael's Fruit Juice Bar,East Legon,Landmark,5.6473721,-0.1607270
1056,St. Andrews Basic School,Madina,Academic,5.6665841,-0.1701748
1057,St. Mark School,East Legon,Academic,5.6596193,-0.1525114
1058,St. Maur Community School,Legon Area,Academic,5.6387655,-0.2099616
1059,St. Thomas Aquinas Catholic Church,University of Ghana,Landmark,5.6547389,-0.1903462
1060,Stable Rock,Legon Area,Landmark,5.6710667,-0.1896517
1061,Stages,Haatso,Transport Stop,5.6675267,-0.2061437
1062,Stages Bar and Restaurant,Haatso,Restaurant,5.6672267,-0.2059991
1063,Stanbic,University of Ghana,Service,5.6600823,-0.1774304
1064,Stanbic Bank,University of Ghana,Service,5.6429557,-0.1855191
1065,Standard Board,University of Ghana,Transport Stop,5.6308258,-0.1765926
1066,Standard Chartered,University of Ghana,Service,5.6508919,-0.1864861
1067,Standard Chartered ATM,Legon Area,Service,5.6678701,-0.1881448
1068,Standard Chartered Bank,Madina,Service,5.6715566,-0.1747293
1069,Standard Chartered Digital Hub,Legon Area,Service,5.6576255,-0.2075617
1070,Standford SEED Innovation Center,Legon Area,Academic,5.6209321,-0.1852982
1071,Star Madrid,East Legon,Landmark,5.6455700,-0.1457321
1072,Starbites,Haatso,Restaurant Area,5.6620483,-0.2053779
1073,Starbites Dzorwulu,Legon Area,Restaurant,5.6210799,-0.1846792
1074,Starbites Food & Drink,Legon Area,Restaurant,5.6337653,-0.1491498
1075,StarOil,Madina,Landmark,5.6749848,-0.1514352
1076,Statistics,University of Ghana,Landmark,5.6540123,-0.1840856
1077,Sty Hotel,East Legon,Landmark,5.6409080,-0.1523348
1078,Supermarket,Haatso,Transport Stop,5.6673746,-0.1960281
1079,Sweet Roses,Legon Area,Landmark,5.6263473,-0.1535401
1080,SWISE AUTOWORLD,East Legon,Landmark,5.6507284,-0.1506993
1081,Sy Tris Bookshop,East Legon,Landmark,5.6409997,-0.1520947
1082,T-TEL - Transforming Teacher Education and Learning,East Legon,Landmark,5.6421042,-0.1579428
1083,Taches Restaurant,East Legon,Restaurant,5.6446164,-0.1483178
1084,Talestal,Haatso,Landmark,5.6747820,-0.2031085
1085,Taste of Africa,Madina,Restaurant,5.6675139,-0.1785268
1086,Tata Motors,Legon Area,Landmark,5.6217148,-0.1827743
1087,Taxi Stand,Legon Area,Landmark,5.6209001,-0.1744888
1088,Taxi Station,East Legon,Landmark,5.6485354,-0.1499677
1089,Tayiba Restaurant,Legon Area,Restaurant,5.6668923,-0.1884370
1090,Telecel,East Legon,Landmark,5.6415815,-0.1518268
1091,Telefonica,Legon Area,Landmark,5.6226258,-0.1731406
1092,Tender Sprout Internarional School,East Legon,Academic,5.6370433,-0.1617597
1093,Tender Sprout International School,Legon Area,Academic,5.6329377,-0.1575384
1094,Tetteh Quarshie / Roundabout,Legon Area,Transport Stop,5.6240242,-0.1738463
1095,Tetteh Quarshie Art Market,Legon Area,Landmark,5.6223984,-0.1798134
1096,TF,Legon Area,Transport Stop,5.6673667,-0.1825130
1097,Thai House Krua Thai Restaurant,East Legon,Restaurant,5.6386067,-0.1451231
1098,Thai Massage Ghana,Legon Area,Landmark,5.6347041,-0.1532058
1099,The Accra Goods Market,Legon Area,Landmark,5.6325897,-0.1579945
1100,The Baby Nest,Legon Area,Landmark,5.6577032,-0.2071571
1101,The Babynest School,East Legon,Academic,5.6428393,-0.1579471
1102,The Balme Library,University of Ghana,Academic,5.6520209,-0.1870796
1103,The Car Buddy Ghana Limited,Legon Area,Landmark,5.6328451,-0.1502513
1104,The Church of Pentecost,Haatso,Landmark,5.6696166,-0.2051833
1105,The Cuppycake House,East Legon,Landmark,5.6412743,-0.1742496
1106,The curch of Pentecost Peniel Assembly,East Legon,Landmark,5.6423876,-0.1581953
1107,The Eagle of International Ministries,Legon Area,Landmark,5.6268736,-0.1836684
1108,The Famer's Market,Legon Area,Landmark,5.6281464,-0.1702797
1109,The Gallery,Legon Area,Residential Area,5.6260773,-0.1715644
1110,The Grand,Legon Area,Landmark,5.6242866,-0.1660892
1111,The Home Foods,Legon Area,Restaurant,5.6262718,-0.1535087
1112,"The Institute of Chartered Accountants, Ghana",East Legon,Academic,5.6428233,-0.1706376
1113,The Keeper's House Chapel International,Madina,Landmark,5.6730011,-0.1598361
1114,The Kufuor Centre For Leadership and Governance,University of Ghana,Landmark,5.6552391,-0.1821466
1115,The Masters School,Haatso,Academic,5.6722218,-0.2010498
1116,The Methodist Church Legon East,East Legon,Landmark,5.6429775,-0.1575784
1117,The Money Shop,Legon Area,Landmark,5.6713483,-0.1896517
1118,The Office of the Provost of College of Education (ISSER Annex),University of Ghana,Landmark,5.6553529,-0.1842112
1119,The Perfume Shop,Haatso,Landmark,5.6652795,-0.2043286
1120,The President Eatery And Bar,Madina,Restaurant,5.6630617,-0.1605097
1121,The Revelation Church,East Legon,Landmark,5.6420932,-0.1567190
1122,The Sanneh Institute,Legon Area,Academic,5.6690023,-0.1860096
1123,The WatchShop,East Legon,Landmark,5.6595644,-0.1669022
1124,Throne of Gold,Legon Area,Landmark,5.6713895,-0.1827461
1125,tickels restaurant,University of Ghana,Restaurant,5.6380309,-0.1847940
1126,Ticket booth,Legon Area,Transport Stop,5.6342154,-0.1455015
1127,Tigo Experience Center,East Legon,Landmark,5.6354500,-0.1722322
1128,Timen's Farmers Market,East Legon,Landmark,5.6414333,-0.1527512
1129,Tomreik Hotel,Legon Area,Landmark,5.6318170,-0.1725411
1130,Total,East Legon,Landmark,5.6423029,-0.1519700
1131,Total Atomic Junction,Madina,Landmark,5.6670238,-0.1783964
1132,Total Haatso,Haatso,Landmark,5.6678005,-0.2055111
1133,Tracy's Kitchen,Haatso,Restaurant,5.6749439,-0.1912007
1134,Transition,Haatso,Landmark,5.6671845,-0.2145609
1135,Transitions,Haatso,Landmark,5.6669469,-0.2144857
1136,Translight Solar Limited,East Legon,Landmark,5.6548841,-0.1507674
1137,Tribeca Hotel,East Legon,Landmark,5.6404604,-0.1611998
1138,Trinity Baptist Church,East Legon,Landmark,5.6585354,-0.1679059
1139,Trinity Theological Seminary,East Legon,Academic,5.6539399,-0.1674078
1140,Trinity United Church Legon,East Legon,Landmark,5.6534507,-0.1668786
1141,Truck 360,Legon Area,Landmark,5.6260245,-0.1565970
1142,True Love School,East Legon,Landmark,5.6442349,-0.1542148
1143,TS Lodgings,Legon Area,Landmark,5.6203469,-0.1525382
1144,Tulip Inn,University of Ghana,Landmark,5.6280342,-0.1786347
1145,Tullow,Legon Area,Transport Stop,5.6217735,-0.1808284
1146,Twist & Locs Natural Hair Salon,East Legon,Landmark,5.6467971,-0.1502788
1147,Twumasiwaa Hospital,East Legon,Health,5.6595378,-0.1480889
1148,UBA,East Legon,Service,5.6402645,-0.1654227
1149,UCT,Legon Area,Landmark,5.6282387,-0.1480326
1150,UG Gymnasium,University of Ghana,Landmark,5.6397542,-0.1814098
1151,UGBS Car Parking Lot,University of Ghana,Transport Stop,5.6528429,-0.1889923
1152,UGBS extention,University of Ghana,Landmark,5.6527842,-0.1880690
1153,UGBS Graduate Campus,University of Ghana,Academic,5.6587369,-0.1776197
1154,Ultimate Furniture City,East Legon,Landmark,5.6413651,-0.1619526
1155,Umar al Mukhtar Mosque,East Legon,Landmark,5.6404046,-0.1568418
1156,UMB,University of Ghana,Service,5.6426031,-0.1854765
1157,Uni-Life Supermarket,Madina,Market,5.6660339,-0.1647568
1158,Unicom,Legon Area,Health,5.6678207,-0.1885677
1159,UNIMAC campus,Legon Area,Academic,5.6226758,-0.1870562
1160,University Fire Station Legon,University of Ghana,Landmark,5.6484568,-0.1812207
1161,University of Ghana,University of Ghana,Academic,5.6467437,-0.1871994
1162,University of Ghana banking square,University of Ghana,Landmark,5.6427826,-0.1856730
1163,University of Ghana Basic School,University of Ghana,Academic,5.6425000,-0.1878121
1164,University of Ghana Bookshop,University of Ghana,Landmark,5.6511190,-0.1866546
1165,University of Ghana Botanical Gardens,University of Ghana,Landmark,5.6608390,-0.1865762
1166,University of Ghana Business School,University of Ghana,Academic,5.6528087,-0.1886270
1167,University of Ghana Computing Systems (UGCS),University of Ghana,Landmark,5.6521873,-0.1880646
1168,University of Ghana Guest Centre,University of Ghana,Landmark,5.6449194,-0.1900399
1169,University of Ghana Hospital,University of Ghana,Health,5.6517246,-0.1781069
1170,University of Ghana Medical Center Limited,University of Ghana,Health,5.6318638,-0.1859247
1171,University of Ghana Registry,University of Ghana,Landmark,5.6502253,-0.1953859
1172,University of Ghana Small Animal Teaching Hospital,Legon Area,Landmark,5.6666772,-0.1858104
1173,University of Ghana Sports Directorate,University of Ghana,Landmark,5.6397580,-0.1815233
1174,University of Ghana Sports Stadium,University of Ghana,Landmark,5.6390295,-0.1800851
1175,"University of Professional Studies, Accra",East Legon,Academic,5.6613946,-0.1664364
1176,University Primary Roundabout,University of Ghana,Transport Stop,5.6435866,-0.1893731
1177,University Staff House,East Legon,Landmark,5.6527350,-0.1744216
1178,Untamed Empire,Legon Area,Landmark,5.6247183,-0.1669495
1179,UPS,East Legon,Transport Stop,5.6598598,-0.1666827
1180,UPSA,East Legon,Hostel,5.6590136,-0.1717807
1181,UPSA Taxi Rank,University of Ghana,Transport Stop,5.6601900,-0.1779885
1182,Valco Trust Hostel Phase 1,University of Ghana,Hostel,5.6447561,-0.1868834
1183,Valco Trust Hostel Phase 2,University of Ghana,Hostel,5.6442141,-0.1868522
1184,Vera Mackenzie,East Legon,Landmark,5.6509422,-0.1503447
1185,Vetmart,Legon Area,Landmark,5.6674830,-0.1825908
1186,Vice Chancellor's Residence,University of Ghana,Residential Area,5.6495919,-0.1970702
1187,Vida e Caffè,Legon Area,Restaurant,5.6221229,-0.1732572
1188,Vida e Caffė,Legon Area,Restaurant,5.6345376,-0.1475970
1189,Video Junction,Haatso,Transport Stop,5.6675434,-0.2090575
1190,Vikings Hostel,University of Ghana,Hostel,5.6444108,-0.1856251
1191,Village Joint,East Legon,Restaurant,5.6456283,-0.1561346
1192,Villaggio,Legon Area,Landmark,5.6205249,-0.1785272
1193,VILLAGIO HOTEL,Legon Area,Landmark,5.6200177,-0.1772339
1194,Villandro Restaurant,Legon Area,Restaurant,5.6305993,-0.1579294
1195,Vintage Kouzina,East Legon,Restaurant,5.6509653,-0.1490151
1196,Visual Art Block,Madina,Landmark,5.6630617,-0.1743038
1197,Vivie's Dance Factory,Legon Area,Landmark,5.6295867,-0.1665217
1198,"Voice of His Word, Ministries",Haatso,Landmark,5.6727355,-0.2091120
1199,Volta Café,University of Ghana,Landmark,5.6516613,-0.1894537
1200,Volta Car Park,University of Ghana,Transport Stop,5.6511889,-0.1889093
1201,Volta Hall,University of Ghana,Hostel,5.6514961,-0.1896933
1202,Volta Hall Annex,University of Ghana,Landmark,5.6523651,-0.1895749
1203,Vulgunizer,Legon Area,Transport Stop,5.6231117,-0.1691149
1204,Waakye WuraGh (Westlands),Haatso,Restaurant Area,5.6640068,-0.2045382
1205,Wardrobe Yak Westland GH,Haatso,Landmark,5.6643617,-0.2043970
1206,Washing Bay,Haatso,Transport Stop,5.6673717,-0.1942182
1207,Wear Ghana,Haatso,Landmark,5.6749445,-0.2080375
1208,West Africa Centre for Crop Improvement,University of Ghana,Academic,5.6491112,-0.1841306
1209,"West African Centre for Cell Biology of Infectious Pathogens, WACCBIP",University of Ghana,Academic,5.6547847,-0.1895440
1210,West Inn,Legon Area,Landmark,5.6494736,-0.2098656
1211,Westland Police Station,Legon Area,Landmark,5.6567997,-0.2079420
1212,Westlands junction,Legon Area,Transport Stop,5.6502525,-0.2097508
1213,White House,East Legon,Transport Stop,5.6561232,-0.1513195
1214,Who Knows Tomorrow,East Legon,Landmark,5.6415001,-0.1711301
1215,Wild Gecko,Legon Area,Landmark,5.6263745,-0.1834035
1216,Wilderness,Madina,Landmark,5.6652800,-0.1730952
1217,Winners,Legon Area,Market,5.6727701,-0.1820785
1218,"Winners Chapel International, East Legon",East Legon,Landmark,5.6473563,-0.1496532
1219,"Wisconsin International University College, Ghana",Legon Area,Academic,5.6695516,-0.1893197
1220,Wisconsin international university IT conference hall,Haatso,Landmark,5.6691700,-0.1908840
1221,Woodin,Legon Area,Landmark,5.6219826,-0.1737706
1222,world Islamic call society Ghana Office,East Legon,Academic,5.6401437,-0.1570472
1223,YAFCA College of Ministry,East Legon,Academic,5.6461637,-0.1532314
1224,Yasore Forex Bureau,Legon Area,Landmark,5.6226458,-0.1730146
1225,Yeboah,East Legon,Transport Stop,5.6362494,-0.1717732
1226,Yeboah Hospital,Legon Area,Health,5.6322891,-0.1522568
1227,Yellow Pepper,East Legon,Restaurant,5.6374638,-0.1733266
1228,YFM,Legon Area,Landmark,5.6213748,-0.1741290
1229,Yiri Lodge,University of Ghana,Landmark,5.6365299,-0.1806253
1230,"Young African Leaders Initiative Regional Leadership Center, West Africa, Accra (YALI)",University of Ghana,Landmark,5.6342822,-0.2001162
1231,Yoyo Kids Club,East Legon,Landmark,5.6428527,-0.1531415
1232,Zambang Mart,East Legon,Market,5.6372689,-0.1500005
1233,Zenith,University of Ghana,Service,5.6516214,-0.1891882
1234,Zenith Bank,Legon Area,Service,5.6331212,-0.1722918
1235,Zeno's Yoghurt Bar,Legon Area,Restaurant,5.6261925,-0.1539167
1236,Zenon Hostel,Legon Area,Hostel,5.6716626,-0.1810590
1237,Zewnic,East Legon,Landmark,5.6412262,-0.1750729
1238,Zion House,Legon Area,Landmark,5.6284786,-0.1714807
1239,Zipcode,Legon Area,Restaurant,5.6710746,-0.1897242
1240,Zoe Outreach Embassy,Madina,Landmark,5.6639955,-0.1511713
1241,Zoe Pharmacy,Legon Area,Health,5.6674763,-0.1856089
1242,Zone Travel & Tour,Haatso,Landmark,5.6734551,-0.1903544
1243,Zuby's Haven Beauty,Madina,Landmark,5.6633102,-0.1516180
1244,Zylofon FM,East Legon,Landmark,5.6366419,-0.1714151
