order_id,restaurant_id,customer_id,source_location_id,destination_location_id,category,urgency,time_submitted,deadline,status,estimated_distance,assigned_rider_id
1,9,41,51,46,Jollof Rice,3,2026-08-04T08:22,2026-08-04T09:29,DISPATCHED,4.45,1
2,5,58,71,74,Fried Rice,2,2026-08-04T08:41,2026-08-04T08:56,DISPATCHED,3.59,2
3,6,7,58,52,Shawarma,2,2026-08-04T10:12,2026-08-04T10:43,DISPATCHED,4.69,3
4,7,46,50,39,Kelewele,1,2026-08-04T10:47,2026-08-04T11:36,DISPATCHED,1.97,4
5,1,2,72,52,Fufu and Light Soup,1,2026-08-04T11:04,2026-08-04T11:40,DISPATCHED,4.43,5
6,14,48,43,46,Shawarma,2,2026-08-04T11:37,2026-08-04T12:41,DISPATCHED,6.91,6
7,11,58,17,74,Waakye,5,2026-08-04T11:48,2026-08-04T12:06,DISPATCHED,2.44,7
8,5,8,71,13,Fried Rice,5,2026-08-04T12:04,2026-08-04T12:52,DISPATCHED,0.73,8
9,13,27,7,69,Banku and Tilapia,2,2026-08-04T12:20,2026-08-04T12:59,DISPATCHED,4.26,9
10,11,57,17,28,Waakye,3,2026-08-04T12:50,2026-08-04T13:05,DISPATCHED,2.04,10
11,10,12,22,69,Kelewele,3,2026-08-04T13:16,2026-08-04T13:31,DISPATCHED,4.47,11
12,5,29,71,62,Fried Rice,3,2026-08-04T13:43,2026-08-04T14:52,DISPATCHED,3.34,12
13,3,37,25,70,Rice and Stew,1,2026-08-04T13:47,2026-08-04T14:15,DISPATCHED,1.41,13
14,10,55,22,76,Kelewele,4,2026-08-04T13:48,2026-08-04T14:03,DISPATCHED,2.22,14
15,9,61,51,56,Jollof Rice,2,2026-08-04T14:09,2026-08-04T14:52,DISPATCHED,3.63,15
16,12,51,60,52,Shawarma,1,2026-08-04T14:22,2026-08-04T15:46,DISPATCHED,0.61,16
17,11,17,17,20,Waakye,2,2026-08-04T14:27,2026-08-04T15:15,DISPATCHED,3.52,17
18,11,49,17,8,Waakye,2,2026-08-04T14:29,2026-08-04T15:17,DISPATCHED,3.32,18
19,13,53,7,69,Banku and Tilapia,1,2026-08-04T14:40,2026-08-04T15:33,DISPATCHED,4.26,19
20,9,19,51,39,Jollof Rice,2,2026-08-04T14:55,2026-08-04T15:43,DISPATCHED,1.14,20
21,10,47,22,74,Kelewele,1,2026-08-04T15:19,2026-08-04T15:42,DISPATCHED,4.92,21
22,4,36,41,39,Shawarma,3,2026-08-04T15:33,2026-08-04T16:31,DISPATCHED,4.0,22
23,7,1,50,75,Kelewele,4,2026-08-04T16:12,2026-08-04T16:46,DISPATCHED,4.19,23
24,14,5,43,64,Shawarma,4,2026-08-04T18:20,2026-08-04T18:35,DISPATCHED,2.75,24
25,10,46,22,39,Kelewele,5,2026-08-04T19:05,2026-08-04T19:20,DISPATCHED,5.7,25
26,4,37,41,70,Shawarma,1,2026-08-04T19:14,2026-08-04T19:31,DISPATCHED,3.9,1
27,5,13,71,28,Fried Rice,3,2026-08-04T19:28,2026-08-04T20:05,DISPATCHED,3.48,2
28,1,37,72,70,Fufu and Light Soup,1,2026-08-04T19:31,2026-08-04T20:23,DISPATCHED,4.06,3
29,9,48,51,46,Jollof Rice,1,2026-08-04T19:51,2026-08-04T20:35,DISPATCHED,4.45,4
30,5,10,71,23,Fried Rice,2,2026-08-04T19:59,2026-08-04T21:19,DISPATCHED,3.6,5
31,11,36,17,39,Waakye,4,2026-08-04T20:17,2026-08-04T20:46,DISPATCHED,2.97,6
32,11,29,17,62,Waakye,2,2026-08-04T20:40,2026-08-04T20:55,DISPATCHED,2.59,7
33,11,65,17,8,Waakye,1,2026-08-04T20:42,2026-08-04T21:35,DISPATCHED,3.32,8
34,2,15,31,75,Banku and Tilapia,4,2026-08-04T21:09,2026-08-04T21:25,DISPATCHED,5.08,9
35,1,27,72,69,Fufu and Light Soup,3,2026-08-04T21:14,2026-08-04T21:29,DISPATCHED,3.92,10
36,8,55,15,76,Waakye,1,2026-08-04T21:22,2026-08-04T21:48,ASSIGNED,3.17,11
37,9,15,51,75,Jollof Rice,4,2026-08-04T21:41,2026-08-04T22:24,ASSIGNED,3.21,12
38,8,29,15,62,Waakye,2,2026-08-04T21:43,2026-08-04T22:00,ASSIGNED,3.77,13
39,6,59,58,18,Shawarma,4,2026-08-04T21:46,2026-08-04T22:40,ASSIGNED,4.66,14
40,5,52,71,18,Fried Rice,3,2026-08-04T21:51,2026-08-04T22:06,ASSIGNED,2.75,15
41,5,57,71,28,Fried Rice,2,2026-08-04T21:51,2026-08-04T22:20,ASSIGNED,3.48,16
42,13,34,7,13,Banku and Tilapia,1,2026-08-04T21:52,2026-08-04T22:16,ASSIGNED,2.2,17
43,4,21,41,68,Shawarma,4,2026-08-04T22:29,2026-08-04T23:35,ASSIGNED,2.68,18
44,9,39,51,75,Jollof Rice,5,2026-08-04T22:50,2026-08-04T23:43,ASSIGNED,3.21,19
45,5,47,71,74,Fried Rice,3,2026-08-04T22:58,2026-08-04T23:35,ASSIGNED,3.59,20
46,3,3,25,18,Rice and Stew,1,2026-08-05T07:23,2026-08-05T08:04,ASSIGNED,2.55,21
47,2,24,31,66,Banku and Tilapia,5,2026-08-05T07:52,2026-08-05T08:36,ASSIGNED,1.1,22
48,3,51,25,52,Rice and Stew,4,2026-08-05T08:14,2026-08-05T08:29,ASSIGNED,0.74,23
49,13,61,7,56,Banku and Tilapia,2,2026-08-05T08:16,2026-08-05T09:36,ASSIGNED,1.32,24
50,6,26,58,62,Shawarma,2,2026-08-05T08:22,2026-08-05T09:31,ASSIGNED,4.22,25
51,10,9,22,19,Kelewele,4,2026-08-05T09:10,2026-08-05T09:52,ASSIGNED,2.58,1
52,4,46,41,39,Shawarma,2,2026-08-05T10:03,2026-08-05T10:50,ASSIGNED,4.0,2
53,13,69,7,28,Banku and Tilapia,1,2026-08-05T11:32,2026-08-05T12:25,ASSIGNED,4.37,3
54,9,20,51,39,Jollof Rice,2,2026-08-05T12:02,2026-08-05T12:17,ASSIGNED,1.14,4
55,8,67,15,33,Waakye,2,2026-08-05T12:04,2026-08-05T12:24,ASSIGNED,6.8,5
56,6,53,58,69,Shawarma,3,2026-08-05T12:17,2026-08-05T13:04,ASSIGNED,4.11,6
57,12,28,60,33,Shawarma,1,2026-08-05T12:23,2026-08-05T12:41,ASSIGNED,2.28,7
58,14,23,43,52,Shawarma,4,2026-08-05T12:47,2026-08-05T13:18,ASSIGNED,2.35,8
59,7,61,50,56,Kelewele,5,2026-08-05T12:52,2026-08-05T13:16,ASSIGNED,2.81,9
60,4,38,41,4,Shawarma,1,2026-08-05T13:01,2026-08-05T13:32,ASSIGNED,2.11,10
61,1,5,72,64,Fufu and Light Soup,2,2026-08-05T13:16,2026-08-05T14:36,ASSIGNED,3.98,11
62,10,59,22,18,Kelewele,1,2026-08-05T13:35,2026-08-05T14:17,ASSIGNED,2.68,12
63,6,22,58,20,Shawarma,3,2026-08-05T13:35,2026-08-05T14:36,ASSIGNED,0.79,13
64,8,17,15,20,Waakye,2,2026-08-05T13:45,2026-08-05T14:04,ASSIGNED,0.5,14
65,13,63,7,29,Banku and Tilapia,2,2026-08-05T13:49,2026-08-05T14:47,ASSIGNED,6.5,15
66,7,2,50,52,Kelewele,4,2026-08-05T14:01,2026-08-05T14:53,ASSIGNED,1.5,16
67,5,38,71,4,Fried Rice,2,2026-08-05T14:14,2026-08-05T14:57,ASSIGNED,3.56,17
68,14,50,43,9,Shawarma,4,2026-08-05T14:15,2026-08-05T14:30,ASSIGNED,2.69,18
69,3,11,25,18,Rice and Stew,2,2026-08-05T14:15,2026-08-05T14:54,ASSIGNED,2.55,19
70,1,55,72,76,Fufu and Light Soup,4,2026-08-05T14:35,2026-08-05T15:20,ASSIGNED,3.13,20
71,2,59,31,18,Banku and Tilapia,3,2026-08-05T14:59,2026-08-05T15:54,ASSIGNED,2.7,21
72,3,32,25,68,Rice and Stew,5,2026-08-05T15:07,2026-08-05T15:38,ASSIGNED,0.3,22
73,3,21,25,68,Rice and Stew,2,2026-08-05T15:11,2026-08-05T15:55,ASSIGNED,0.3,23
74,5,41,71,46,Fried Rice,4,2026-08-05T15:22,2026-08-05T15:58,ASSIGNED,1.26,24
75,13,33,7,70,Banku and Tilapia,4,2026-08-05T15:49,2026-08-05T16:47,ASSIGNED,4.43,25
76,10,40,22,33,Kelewele,3,2026-08-05T16:13,2026-08-05T16:48,ASSIGNED,6.21,1
77,10,9,22,19,Kelewele,3,2026-08-05T16:36,2026-08-05T17:04,ASSIGNED,2.58,2
78,2,35,31,8,Banku and Tilapia,2,2026-08-05T16:36,2026-08-05T16:58,ASSIGNED,2.34,3
79,2,14,31,75,Banku and Tilapia,3,2026-08-05T17:33,2026-08-05T18:29,ASSIGNED,5.08,4
80,4,47,41,74,Shawarma,4,2026-08-05T17:51,2026-08-05T18:09,ASSIGNED,3.09,5
81,9,13,51,28,Jollof Rice,3,2026-08-05T17:53,2026-08-05T18:11,ASSIGNED,0.5,6
82,5,28,71,33,Fried Rice,3,2026-08-05T18:10,2026-08-05T18:25,ASSIGNED,6.05,7
83,4,43,41,29,Shawarma,3,2026-08-05T18:28,2026-08-05T19:04,ASSIGNED,6.07,8
84,8,49,15,8,Waakye,3,2026-08-05T18:41,2026-08-05T19:39,ASSIGNED,4.02,9
85,8,50,15,9,Waakye,5,2026-08-05T19:01,2026-08-05T19:19,ASSIGNED,4.01,10
86,1,10,72,23,Fufu and Light Soup,3,2026-08-05T19:05,2026-08-05T19:30,ASSIGNED,4.26,11
87,1,33,72,70,Fufu and Light Soup,3,2026-08-05T19:26,2026-08-05T20:21,ASSIGNED,4.06,12
88,3,23,25,52,Rice and Stew,3,2026-08-05T19:31,2026-08-05T19:50,ASSIGNED,0.74,13
89,12,5,60,64,Shawarma,5,2026-08-05T19:38,2026-08-05T20:30,ASSIGNED,1.2,14
90,4,28,41,33,Shawarma,2,2026-08-05T19:47,2026-08-05T20:30,ASSIGNED,6.13,15
91,1,56,72,12,Fufu and Light Soup,2,2026-08-05T20:01,2026-08-05T20:18,ASSIGNED,3.98,16
92,11,9,17,19,Waakye,1,2026-08-05T20:06,2026-08-05T21:20,ASSIGNED,4.69,17
93,1,49,72,8,Fufu and Light Soup,2,2026-08-05T20:14,2026-08-05T21:23,ASSIGNED,4.24,18
94,10,69,22,28,Kelewele,2,2026-08-05T20:26,2026-08-05T20:57,ASSIGNED,5.03,19
95,11,21,17,68,Waakye,5,2026-08-05T20:53,2026-08-05T21:30,ASSIGNED,2.07,20
96,12,7,60,52,Shawarma,3,2026-08-05T21:29,2026-08-05T22:23,ASSIGNED,0.61,21
97,11,13,17,28,Waakye,2,2026-08-05T21:35,2026-08-05T21:52,ASSIGNED,2.04,22
98,9,45,51,64,Jollof Rice,3,2026-08-05T21:40,2026-08-05T22:16,ASSIGNED,0.92,23
99,1,59,72,18,Fufu and Light Soup,4,2026-08-05T21:54,2026-08-05T22:32,ASSIGNED,3.88,24
100,11,8,17,13,Waakye,2,2026-08-05T22:12,2026-08-05T23:03,ASSIGNED,4.1,25
101,14,17,43,20,Shawarma,4,2026-08-06T08:03,2026-08-06T08:18,ASSIGNED,6.29,1
102,5,44,71,48,Fried Rice,2,2026-08-06T09:37,2026-08-06T10:01,ASSIGNED,4.89,2
103,13,4,7,64,Banku and Tilapia,3,2026-08-06T09:44,2026-08-06T10:13,ASSIGNED,4.35,3
104,2,40,31,33,Banku and Tilapia,2,2026-08-06T09:54,2026-08-06T10:29,ASSIGNED,5.09,4
105,4,58,41,74,Shawarma,1,2026-08-06T10:27,2026-08-06T11:16,ASSIGNED,3.09,5
106,13,2,7,52,Banku and Tilapia,1,2026-08-06T10:33,2026-08-06T11:45,PENDING,4.78,
107,8,22,15,20,Waakye,2,2026-08-06T10:40,2026-08-06T11:24,PENDING,0.5,
108,6,1,58,75,Shawarma,3,2026-08-06T11:15,2026-08-06T12:30,PENDING,7.33,
109,5,70,71,62,Fried Rice,5,2026-08-06T11:49,2026-08-06T12:40,PENDING,3.34,
110,5,52,71,18,Fried Rice,4,2026-08-06T12:00,2026-08-06T12:58,PENDING,2.75,
111,14,37,43,70,Shawarma,3,2026-08-06T12:03,2026-08-06T12:23,PENDING,2.73,
112,11,50,17,9,Waakye,3,2026-08-06T12:14,2026-08-06T12:54,PENDING,3.87,
113,14,60,43,8,Shawarma,3,2026-08-06T12:23,2026-08-06T13:08,PENDING,2.5,
114,12,62,60,66,Shawarma,3,2026-08-06T12:25,2026-08-06T13:35,PENDING,3.17,
115,6,60,58,8,Shawarma,2,2026-08-06T12:31,2026-08-06T13:41,PENDING,4.59,
116,13,55,7,76,Banku and Tilapia,1,2026-08-06T12:37,2026-08-06T13:32,PENDING,3.52,
117,12,67,60,33,Shawarma,4,2026-08-06T12:51,2026-08-06T13:25,PENDING,2.28,
118,9,15,51,75,Jollof Rice,2,2026-08-06T12:52,2026-08-06T13:23,PENDING,3.21,
119,13,5,7,64,Banku and Tilapia,2,2026-08-06T13:01,2026-08-06T13:16,PENDING,4.35,
120,7,40,50,33,Kelewele,2,2026-08-06T13:01,2026-08-06T13:16,PENDING,4.01,
121,3,67,25,33,Rice and Stew,2,2026-08-06T13:17,2026-08-06T13:47,PENDING,3.17,
122,5,64,71,18,Fried Rice,1,2026-08-06T14:20,2026-08-06T14:46,PENDING,2.75,
123,2,11,31,18,Banku and Tilapia,3,2026-08-06T14:20,2026-08-06T14:44,PENDING,2.7,
124,5,40,71,33,Fried Rice,5,2026-08-06T14:22,2026-08-06T14:37,PENDING,6.05,
125,4,11,41,18,Shawarma,2,2026-08-06T14:35,2026-08-06T15:51,PENDING,4.59,
126,13,34,7,13,Banku and Tilapia,3,2026-08-06T14:45,2026-08-06T15:44,PENDING,2.2,
127,3,44,25,48,Rice and Stew,3,2026-08-06T15:09,2026-08-06T16:07,PENDING,3.17,
128,11,35,17,8,Waakye,3,2026-08-06T15:29,2026-08-06T15:56,PENDING,3.32,
129,12,19,60,39,Shawarma,3,2026-08-06T15:59,2026-08-06T16:47,PENDING,0.53,
130,10,6,22,75,Kelewele,2,2026-08-06T16:01,2026-08-06T16:19,PENDING,5.72,
131,12,62,60,66,Shawarma,2,2026-08-06T16:30,2026-08-06T17:19,PENDING,3.17,
132,7,7,50,52,Kelewele,2,2026-08-06T16:43,2026-08-06T16:58,PENDING,1.5,
133,14,15,43,75,Shawarma,4,2026-08-06T17:13,2026-08-06T18:09,PENDING,0.99,
134,10,69,22,28,Kelewele,2,2026-08-06T18:14,2026-08-06T18:37,PENDING,5.03,
135,6,17,58,20,Shawarma,2,2026-08-06T19:18,2026-08-06T20:31,PENDING,0.79,
136,4,9,41,19,Shawarma,2,2026-08-06T19:35,2026-08-06T20:48,PENDING,4.56,
137,12,5,60,64,Shawarma,3,2026-08-06T19:43,2026-08-06T19:58,PENDING,1.2,
138,2,45,31,64,Banku and Tilapia,3,2026-08-06T19:53,2026-08-06T21:01,PENDING,2.12,
139,10,45,22,64,Kelewele,3,2026-08-06T20:18,2026-08-06T21:02,PENDING,3.99,
140,2,33,31,70,Banku and Tilapia,1,2026-08-06T20:20,2026-08-06T21:21,PENDING,2.31,
141,3,38,25,4,Rice and Stew,3,2026-08-06T20:25,2026-08-06T20:40,PENDING,0.96,
142,8,4,15,64,Waakye,5,2026-08-06T20:26,2026-08-06T20:41,PENDING,3.78,
143,9,5,51,64,Jollof Rice,3,2026-08-06T20:28,2026-08-06T20:53,PENDING,0.92,
144,5,7,71,52,Fried Rice,3,2026-08-06T20:43,2026-08-06T21:33,PENDING,3.6,
145,14,63,43,29,Shawarma,2,2026-08-06T20:52,2026-08-06T21:10,PENDING,1.88,
146,10,26,22,62,Kelewele,2,2026-08-06T20:57,2026-08-06T21:53,PENDING,4.63,
147,9,31,51,33,Jollof Rice,2,2026-08-06T20:59,2026-08-06T21:41,PENDING,3.04,
148,14,14,43,75,Shawarma,4,2026-08-06T21:19,2026-08-06T21:46,PENDING,0.99,
149,9,16,51,13,Jollof Rice,4,2026-08-06T21:21,2026-08-06T21:47,PENDING,2.89,
150,12,67,60,33,Shawarma,2,2026-08-06T21:29,2026-08-06T22:24,PENDING,2.28,
151,2,67,31,33,Banku and Tilapia,1,2026-08-06T22:09,2026-08-06T23:31,PENDING,5.09,
152,6,19,58,39,Shawarma,3,2026-08-06T22:50,2026-08-07T00:03,PENDING,5.47,
153,9,51,51,52,Jollof Rice,4,2026-08-06T22:54,2026-08-06T23:51,PENDING,0.56,
154,4,13,41,28,Shawarma,2,2026-08-07T08:28,2026-08-07T08:43,PENDING,2.65,
155,10,43,22,29,Kelewele,3,2026-08-07T09:08,2026-08-07T10:10,PENDING,4.61,
156,11,69,17,28,Waakye,2,2026-08-07T10:02,2026-08-07T10:53,PENDING,2.04,
157,9,69,51,28,Jollof Rice,1,2026-08-07T12:00,2026-08-07T12:44,PENDING,0.5,
158,4,48,41,46,Shawarma,1,2026-08-07T12:05,2026-08-07T13:03,PENDING,3.3,
159,1,54,72,62,Fufu and Light Soup,2,2026-08-07T12:09,2026-08-07T12:31,PENDING,4.06,
160,7,20,50,39,Kelewele,2,2026-08-07T12:38,2026-08-07T13:11,PENDING,1.97,
161,7,2,50,52,Kelewele,3,2026-08-07T12:40,2026-08-07T13:29,PENDING,1.5,
162,5,60,71,8,Fried Rice,3,2026-08-07T13:08,2026-08-07T14:06,PENDING,3.35,
163,11,62,17,66,Waakye,1,2026-08-07T13:09,2026-08-07T14:31,PENDING,1.85,
164,2,43,31,29,Banku and Tilapia,3,2026-08-07T13:29,2026-08-07T13:44,PENDING,4.54,
165,8,69,15,28,Waakye,2,2026-08-07T13:44,2026-08-07T14:30,PENDING,3.71,
166,13,11,7,18,Banku and Tilapia,1,2026-08-07T13:51,2026-08-07T14:14,PENDING,4.27,
167,1,32,72,68,Fufu and Light Soup,1,2026-08-07T14:22,2026-08-07T15:26,PENDING,4.05,
168,5,50,71,9,Fried Rice,2,2026-08-07T14:27,2026-08-07T15:07,PENDING,3.15,
169,11,11,17,18,Waakye,3,2026-08-07T14:32,2026-08-07T14:47,PENDING,4.68,
170,8,13,15,28,Waakye,3,2026-08-07T14:34,2026-08-07T14:50,PENDING,3.71,
171,14,62,43,66,Shawarma,4,2026-08-07T14:41,2026-08-07T15:30,PENDING,5.1,
172,6,24,58,66,Shawarma,4,2026-08-07T15:29,2026-08-07T16:12,PENDING,2.21,
173,12,22,60,20,Shawarma,2,2026-08-07T15:44,2026-08-07T16:35,PENDING,4.42,
174,6,20,58,39,Shawarma,2,2026-08-07T16:14,2026-08-07T17:18,PENDING,5.47,
175,9,58,51,74,Jollof Rice,2,2026-08-07T16:29,2026-08-07T16:55,PENDING,0.09,
176,11,28,17,33,Waakye,2,2026-08-07T17:15,2026-08-07T17:46,PENDING,5.13,
177,10,7,22,52,Kelewele,1,2026-08-07T17:47,2026-08-07T18:18,PENDING,4.57,
178,13,37,7,70,Banku and Tilapia,2,2026-08-07T18:30,2026-08-07T18:59,PENDING,4.43,
179,9,28,51,33,Jollof Rice,2,2026-08-07T18:32,2026-08-07T19:19,PENDING,3.04,
180,1,14,72,75,Fufu and Light Soup,3,2026-08-07T18:37,2026-08-07T18:52,PENDING,6.87,
181,9,26,51,62,Jollof Rice,3,2026-08-07T18:43,2026-08-07T19:48,PENDING,0.21,
182,6,34,58,13,Shawarma,2,2026-08-07T19:02,2026-08-07T19:59,PENDING,2.67,
183,2,55,31,76,Banku and Tilapia,3,2026-08-07T19:15,2026-08-07T20:05,PENDING,2.24,
184,3,29,25,62,Rice and Stew,4,2026-08-07T19:34,2026-08-07T20:18,PENDING,0.31,
185,3,32,25,68,Rice and Stew,3,2026-08-07T19:48,2026-08-07T20:14,PENDING,0.3,
186,4,48,41,46,Shawarma,4,2026-08-07T19:48,2026-08-07T20:03,PENDING,3.3,
187,2,58,31,74,Banku and Tilapia,1,2026-08-07T19:50,2026-08-07T20:29,PENDING,2.19,
188,9,22,51,20,Jollof Rice,3,2026-08-07T19:54,2026-08-07T20:13,PENDING,3.65,
189,2,62,31,66,Banku and Tilapia,2,2026-08-07T20:23,2026-08-07T20:55,PENDING,1.1,
190,9,56,51,12,Jollof Rice,2,2026-08-07T20:24,2026-08-07T21:06,PENDING,0.27,
191,8,70,15,62,Waakye,1,2026-08-07T20:46,2026-08-07T21:50,PENDING,3.77,
192,8,55,15,76,Waakye,3,2026-08-07T20:55,2026-08-07T21:10,PENDING,3.17,
193,13,30,7,9,Banku and Tilapia,5,2026-08-07T21:01,2026-08-07T21:16,PENDING,4.54,
194,6,22,58,20,Shawarma,1,2026-08-07T21:06,2026-08-07T21:37,PENDING,0.79,
195,10,52,22,18,Kelewele,3,2026-08-07T21:28,2026-08-07T22:30,PENDING,2.68,
196,6,24,58,66,Shawarma,3,2026-08-07T21:35,2026-08-07T22:35,PENDING,2.21,
197,10,67,22,33,Kelewele,3,2026-08-07T21:38,2026-08-07T22:32,PENDING,6.21,
198,1,23,72,52,Fufu and Light Soup,5,2026-08-07T21:45,2026-08-07T22:30,PENDING,4.43,
199,10,43,22,29,Kelewele,2,2026-08-07T22:12,2026-08-07T22:27,PENDING,4.61,
200,5,16,71,13,Fried Rice,3,2026-08-07T22:20,2026-08-07T23:17,PENDING,0.73,
201,11,48,17,46,Waakye,4,2026-08-07T22:21,2026-08-07T22:47,PENDING,4.71,
202,5,70,71,62,Fried Rice,4,2026-08-07T22:34,2026-08-07T23:25,PENDING,3.34,
203,12,54,60,62,Shawarma,2,2026-08-07T22:45,2026-08-07T23:47,PENDING,0.92,
204,13,58,7,74,Banku and Tilapia,1,2026-08-07T22:50,2026-08-08T00:08,PENDING,4.61,
205,9,63,51,29,Jollof Rice,1,2026-08-08T08:28,2026-08-08T08:43,PENDING,3.04,
206,14,68,43,12,Shawarma,1,2026-08-08T08:36,2026-08-08T09:21,PENDING,2.92,
207,14,32,43,68,Shawarma,2,2026-08-08T10:48,2026-08-08T11:36,PENDING,3.11,
208,12,60,60,8,Shawarma,5,2026-08-08T11:40,2026-08-08T12:38,PENDING,0.95,
209,8,35,15,8,Waakye,3,2026-08-08T12:01,2026-08-08T12:56,PENDING,4.02,
210,12,30,60,9,Shawarma,2,2026-08-08T12:11,2026-08-08T13:29,PENDING,1.5,
211,12,10,60,23,Shawarma,3,2026-08-08T12:16,2026-08-08T13:31,PENDING,0.86,
212,10,55,22,76,Kelewele,3,2026-08-08T12:20,2026-08-08T13:31,PENDING,2.22,
213,3,40,25,33,Rice and Stew,4,2026-08-08T12:47,2026-08-08T13:08,PENDING,3.17,
214,1,28,72,33,Fufu and Light Soup,2,2026-08-08T13:01,2026-08-08T13:43,PENDING,7.0,
215,10,61,22,56,Kelewele,3,2026-08-08T13:29,2026-08-08T13:44,PENDING,4.42,
216,2,4,31,64,Banku and Tilapia,2,2026-08-08T13:34,2026-08-08T13:50,PENDING,2.12,
217,8,24,15,66,Waakye,3,2026-08-08T14:03,2026-08-08T14:57,PENDING,2.17,
218,5,31,71,33,Fried Rice,2,2026-08-08T14:05,2026-08-08T14:20,PENDING,6.05,
219,14,9,43,19,Shawarma,3,2026-08-08T14:08,2026-08-08T14:24,PENDING,3.59,
220,12,18,60,59,Shawarma,3,2026-08-08T14:14,2026-08-08T15:05,PENDING,3.1,
221,6,37,58,70,Shawarma,3,2026-08-08T14:43,2026-08-08T15:58,PENDING,4.53,
222,2,14,31,75,Banku and Tilapia,1,2026-08-08T14:44,2026-08-08T15:30,PENDING,5.08,
223,14,12,43,69,Shawarma,1,2026-08-08T14:59,2026-08-08T16:19,PENDING,2.92,
224,9,7,51,52,Jollof Rice,2,2026-08-08T15:18,2026-08-08T16:12,PENDING,0.56,
225,9,21,51,68,Jollof Rice,3,2026-08-08T16:30,2026-08-08T17:29,PENDING,0.47,
226,8,1,15,75,Waakye,1,2026-08-08T17:29,2026-08-08T17:47,PENDING,6.71,
227,11,35,17,8,Waakye,3,2026-08-08T18:07,2026-08-08T18:57,PENDING,3.32,
228,4,49,41,8,Shawarma,2,2026-08-08T18:13,2026-08-08T19:31,PENDING,3.72,
229,14,56,43,12,Shawarma,1,2026-08-08T18:33,2026-08-08T19:52,PENDING,2.92,
230,6,34,58,13,Shawarma,4,2026-08-08T18:38,2026-08-08T19:48,PENDING,2.67,
231,9,37,51,70,Jollof Rice,2,2026-08-08T18:47,2026-08-08T19:51,PENDING,1.26,
232,7,68,50,12,Kelewele,3,2026-08-08T18:55,2026-08-08T19:39,PENDING,0.85,
233,3,24,25,66,Rice and Stew,4,2026-08-08T18:59,2026-08-08T19:14,PENDING,2.27,
234,2,55,31,76,Banku and Tilapia,3,2026-08-08T19:00,2026-08-08T20:13,PENDING,2.24,
235,5,48,71,46,Fried Rice,2,2026-08-08T19:03,2026-08-08T19:38,PENDING,1.26,
236,13,7,7,52,Banku and Tilapia,1,2026-08-08T19:11,2026-08-08T20:03,PENDING,4.78,
237,9,16,51,13,Jollof Rice,3,2026-08-08T19:54,2026-08-08T20:09,PENDING,2.89,
238,7,60,50,8,Kelewele,2,2026-08-08T20:13,2026-08-08T21:26,PENDING,1.63,
239,7,44,50,48,Kelewele,4,2026-08-08T20:33,2026-08-08T21:09,PENDING,3.91,
240,6,5,58,64,Shawarma,3,2026-08-08T21:16,2026-08-08T22:31,PENDING,4.37,
241,7,36,50,39,Kelewele,1,2026-08-08T21:17,2026-08-08T21:32,PENDING,1.97,
242,12,62,60,66,Shawarma,4,2026-08-08T21:32,2026-08-08T22:23,PENDING,3.17,
243,14,10,43,23,Shawarma,3,2026-08-08T21:57,2026-08-08T23:01,PENDING,2.79,
244,7,67,50,33,Kelewele,5,2026-08-08T22:30,2026-08-08T22:45,PENDING,4.01,
245,7,63,50,29,Kelewele,3,2026-08-08T22:47,2026-08-08T23:07,PENDING,3.97,
246,5,35,71,8,Fried Rice,5,2026-08-08T22:58,2026-08-08T23:13,PENDING,3.35,
247,3,45,25,64,Rice and Stew,2,2026-08-08T22:59,2026-08-08T23:15,PENDING,1.07,
248,3,62,25,66,Rice and Stew,3,2026-08-09T07:05,2026-08-09T07:35,PENDING,2.27,
249,8,36,15,39,Waakye,2,2026-08-09T09:13,2026-08-09T10:32,PENDING,5.08,
250,10,52,22,18,Kelewele,1,2026-08-09T09:24,2026-08-09T10:25,PENDING,2.68,
251,7,29,50,62,Kelewele,2,2026-08-09T09:40,2026-08-09T10:58,PENDING,0.95,
252,3,17,25,20,Rice and Stew,2,2026-08-09T10:30,2026-08-09T10:55,PENDING,3.58,
253,7,43,50,29,Kelewele,1,2026-08-09T12:07,2026-08-09T13:27,PENDING,3.97,
254,8,43,15,29,Waakye,1,2026-08-09T12:08,2026-08-09T13:31,PENDING,6.02,
255,10,27,22,69,Kelewele,3,2026-08-09T12:11,2026-08-09T13:06,PENDING,4.47,
256,12,51,60,52,Shawarma,5,2026-08-09T12:12,2026-08-09T12:37,PENDING,0.61,
257,6,4,58,64,Shawarma,3,2026-08-09T12:30,2026-08-09T13:16,PENDING,4.37,
258,8,58,15,74,Waakye,2,2026-08-09T12:38,2026-08-09T12:55,PENDING,3.97,
259,10,10,22,23,Kelewele,4,2026-08-09T12:45,2026-08-09T13:55,PENDING,4.97,
260,12,26,60,62,Shawarma,3,2026-08-09T12:55,2026-08-09T14:00,PENDING,0.92,
261,2,1,31,75,Banku and Tilapia,3,2026-08-09T13:14,2026-08-09T14:26,PENDING,5.08,
262,8,31,15,33,Waakye,5,2026-08-09T13:37,2026-08-09T14:09,PENDING,6.8,
263,10,59,22,18,Kelewele,2,2026-08-09T13:46,2026-08-09T14:54,PENDING,2.68,
264,13,9,7,19,Banku and Tilapia,1,2026-08-09T13:59,2026-08-09T14:47,PENDING,4.18,
265,8,2,15,52,Waakye,1,2026-08-09T14:07,2026-08-09T15:21,PENDING,4.18,
266,1,19,72,39,Fufu and Light Soup,5,2026-08-09T14:13,2026-08-09T14:28,PENDING,5.39,
267,4,39,41,75,Shawarma,4,2026-08-09T14:34,2026-08-09T14:49,PENDING,6.33,
268,4,5,41,64,Shawarma,4,2026-08-09T14:42,2026-08-09T15:10,PENDING,3.6,
269,14,61,43,56,Shawarma,1,2026-08-09T14:56,2026-08-09T16:01,PENDING,6.29,
270,4,57,41,28,Shawarma,5,2026-08-09T15:13,2026-08-09T15:28,PENDING,2.65,
271,4,41,41,46,Shawarma,1,2026-08-09T15:36,2026-08-09T15:58,PENDING,3.3,
272,11,68,17,12,Waakye,2,2026-08-09T17:15,2026-08-09T18:07,PENDING,2.52,
273,14,33,43,70,Shawarma,4,2026-08-09T17:38,2026-08-09T18:06,PENDING,2.73,
274,4,57,41,28,Shawarma,1,2026-08-09T17:50,2026-08-09T18:45,PENDING,2.65,
275,3,40,25,33,Rice and Stew,4,2026-08-09T17:56,2026-08-09T18:22,PENDING,3.17,
276,14,58,43,74,Shawarma,2,2026-08-09T18:03,2026-08-09T19:22,PENDING,2.72,
277,1,61,72,56,Fufu and Light Soup,2,2026-08-09T18:05,2026-08-09T18:20,PENDING,1.22,
278,13,40,7,33,Banku and Tilapia,1,2026-08-09T18:09,2026-08-09T18:30,PENDING,7.37,
279,4,10,41,23,Shawarma,2,2026-08-09T18:18,2026-08-09T19:22,PENDING,3.0,
280,3,64,25,18,Rice and Stew,3,2026-08-09T18:29,2026-08-09T19:16,PENDING,2.55,
281,11,21,17,68,Waakye,2,2026-08-09T18:41,2026-08-09T19:57,PENDING,2.07,
282,2,28,31,33,Banku and Tilapia,1,2026-08-09T18:52,2026-08-09T20:03,PENDING,5.09,
283,13,53,7,69,Banku and Tilapia,4,2026-08-09T18:57,2026-08-09T19:54,PENDING,4.26,
284,6,68,58,12,Shawarma,1,2026-08-09T19:01,2026-08-09T20:17,PENDING,4.12,
285,11,31,17,33,Waakye,2,2026-08-09T19:05,2026-08-09T19:38,PENDING,5.13,
286,1,2,72,52,Fufu and Light Soup,2,2026-08-09T19:07,2026-08-09T19:22,PENDING,4.43,
287,6,56,58,12,Shawarma,2,2026-08-09T19:08,2026-08-09T20:15,PENDING,4.12,
288,8,49,15,8,Waakye,2,2026-08-09T19:23,2026-08-09T20:13,PENDING,4.02,
289,6,14,58,75,Shawarma,5,2026-08-09T19:35,2026-08-09T19:50,PENDING,7.33,
290,2,61,31,56,Banku and Tilapia,2,2026-08-09T20:09,2026-08-09T21:15,PENDING,1.51,
291,9,54,51,62,Jollof Rice,3,2026-08-09T20:48,2026-08-09T21:40,PENDING,0.21,
292,4,32,41,68,Shawarma,1,2026-08-09T21:04,2026-08-09T22:23,PENDING,2.68,
293,6,21,58,68,Shawarma,3,2026-08-09T21:06,2026-08-09T22:18,PENDING,4.05,
294,14,59,43,18,Shawarma,4,2026-08-09T21:21,2026-08-09T22:24,PENDING,3.49,
295,2,10,31,23,Banku and Tilapia,2,2026-08-09T21:22,2026-08-09T21:44,PENDING,2.16,
296,13,14,7,75,Banku and Tilapia,2,2026-08-09T21:32,2026-08-09T21:58,PENDING,7.25,
297,13,48,7,46,Banku and Tilapia,2,2026-08-09T21:39,2026-08-09T22:48,PENDING,0.34,
298,2,67,31,33,Banku and Tilapia,2,2026-08-09T21:40,2026-08-09T21:58,PENDING,5.09,
299,13,29,7,62,Banku and Tilapia,5,2026-08-09T21:51,2026-08-09T22:06,PENDING,4.4,
300,6,44,58,48,Shawarma,2,2026-08-09T22:00,2026-08-09T22:20,PENDING,6.62,
301,14,3,43,18,Shawarma,4,2026-08-09T22:52,2026-08-09T23:41,PENDING,3.49,
302,10,40,22,33,Kelewele,4,2026-08-09T22:58,2026-08-09T23:48,PENDING,6.21,
303,2,48,31,46,Banku and Tilapia,2,2026-08-09T22:59,2026-08-09T23:26,PENDING,2.33,
304,13,14,7,75,Banku and Tilapia,3,2026-08-10T08:07,2026-08-10T08:22,PENDING,7.25,
305,6,51,58,52,Shawarma,3,2026-08-10T09:21,2026-08-10T09:43,PENDING,4.69,
306,9,6,51,75,Jollof Rice,5,2026-08-10T09:44,2026-08-10T10:44,PENDING,3.21,
307,3,61,25,56,Rice and Stew,3,2026-08-10T10:05,2026-08-10T10:50,PENDING,3.54,
308,14,66,43,68,Shawarma,2,2026-08-10T11:10,2026-08-10T11:25,PENDING,3.11,
309,2,24,31,66,Banku and Tilapia,3,2026-08-10T12:07,2026-08-10T13:08,PENDING,1.1,
310,6,20,58,39,Shawarma,4,2026-08-10T12:17,2026-08-10T13:03,PENDING,5.47,
311,11,38,17,4,Waakye,2,2026-08-10T12:31,2026-08-10T13:37,PENDING,1.43,
312,3,3,25,18,Rice and Stew,2,2026-08-10T12:38,2026-08-10T12:58,PENDING,2.55,
313,7,59,50,18,Kelewele,5,2026-08-10T12:45,2026-08-10T13:23,PENDING,2.89,
314,7,5,50,64,Kelewele,2,2026-08-10T13:05,2026-08-10T14:06,PENDING,1.58,
315,10,67,22,33,Kelewele,1,2026-08-10T13:47,2026-08-10T14:32,PENDING,6.21,
316,8,45,15,64,Waakye,2,2026-08-10T13:57,2026-08-10T14:37,PENDING,3.78,
317,8,19,15,39,Waakye,1,2026-08-10T13:59,2026-08-10T14:17,PENDING,5.08,
318,4,5,41,64,Shawarma,2,2026-08-10T14:38,2026-08-10T15:01,PENDING,3.6,
319,14,11,43,18,Shawarma,1,2026-08-10T14:46,2026-08-10T15:25,PENDING,3.49,
320,9,39,51,75,Jollof Rice,4,2026-08-10T14:58,2026-08-10T15:13,PENDING,3.21,
321,7,10,50,23,Kelewele,3,2026-08-10T15:18,2026-08-10T16:08,PENDING,0.87,
322,3,5,25,64,Rice and Stew,2,2026-08-10T15:41,2026-08-10T16:01,PENDING,1.07,
323,8,1,15,75,Waakye,2,2026-08-10T15:42,2026-08-10T16:26,PENDING,6.71,
324,1,2,72,52,Fufu and Light Soup,4,2026-08-10T16:11,2026-08-10T17:14,PENDING,4.43,
325,8,56,15,12,Waakye,4,2026-08-10T16:21,2026-08-10T16:36,PENDING,3.68,
326,14,19,43,39,Shawarma,1,2026-08-10T16:46,2026-08-10T17:17,PENDING,1.8,
327,5,34,71,13,Fried Rice,1,2026-08-10T18:11,2026-08-10T18:58,PENDING,0.73,
328,4,61,41,56,Shawarma,1,2026-08-10T18:36,2026-08-10T19:02,PENDING,1.88,
329,6,19,58,39,Shawarma,2,2026-08-10T18:37,2026-08-10T19:44,PENDING,5.47,
330,7,24,50,66,Kelewele,2,2026-08-10T18:44,2026-08-10T19:17,PENDING,1.44,
331,7,19,50,39,Kelewele,2,2026-08-10T19:00,2026-08-10T19:22,PENDING,1.97,
332,12,32,60,68,Shawarma,3,2026-08-10T19:00,2026-08-10T19:15,PENDING,1.18,
333,10,19,22,39,Kelewele,2,2026-08-10T19:02,2026-08-10T19:55,PENDING,5.7,
334,9,24,51,66,Jollof Rice,2,2026-08-10T19:11,2026-08-10T20:05,PENDING,2.4,
335,6,63,58,29,Shawarma,2,2026-08-10T19:14,2026-08-10T19:33,PENDING,6.73,
336,10,32,22,68,Kelewele,2,2026-08-10T19:23,2026-08-10T19:49,PENDING,5.0,
337,9,47,51,74,Jollof Rice,2,2026-08-10T19:40,2026-08-10T20:01,PENDING,0.09,
338,4,35,41,8,Shawarma,1,2026-08-10T19:49,2026-08-10T21:09,PENDING,3.72,
339,8,58,15,74,Waakye,1,2026-08-10T20:05,2026-08-10T21:19,PENDING,3.97,
340,4,2,41,52,Shawarma,3,2026-08-10T20:18,2026-08-10T20:47,PENDING,3.63,
341,9,61,51,56,Jollof Rice,2,2026-08-10T20:33,2026-08-10T20:56,PENDING,3.63,
342,8,43,15,29,Waakye,2,2026-08-10T20:38,2026-08-10T21:26,PENDING,6.02,
343,12,37,60,70,Shawarma,5,2026-08-10T20:59,2026-08-10T22:04,PENDING,1.4,
344,12,19,60,39,Shawarma,3,2026-08-10T21:01,2026-08-10T22:01,PENDING,0.53,
345,3,4,25,64,Rice and Stew,3,2026-08-10T21:26,2026-08-10T22:12,PENDING,1.07,
346,1,14,72,75,Fufu and Light Soup,3,2026-08-10T21:31,2026-08-10T22:40,PENDING,6.87,
347,9,69,51,28,Jollof Rice,1,2026-08-10T21:31,2026-08-10T21:52,PENDING,0.5,
348,12,40,60,33,Shawarma,3,2026-08-10T21:48,2026-08-10T22:36,PENDING,2.28,
349,10,54,22,62,Kelewele,3,2026-08-10T21:51,2026-08-10T22:12,PENDING,4.63,
350,3,44,25,48,Rice and Stew,4,2026-08-10T22:37,2026-08-10T23:37,PENDING,3.17,
